"Class","Library","Total Instances","Total Size","Total Dart Heap Size","Total External Size","New Space Instances","New Space Size","New Space Dart Heap Size","New Space External Size","Old Space Instances","Old Space Size","Old Space Dart Heap Size","Old Space External Size"
Class,,6842,1313664,1313664,0,0,0,0,0,6842,1313664,1313664,0
PatchClass,,520,24960,24960,0,0,0,0,0,520,24960,24960,0
Function,,43947,5625216,5625216,0,0,0,0,0,43947,5625216,5625216,0
TypeParameters,,1422,68256,68256,0,0,0,0,0,1422,68256,68256,0
ClosureData,,1130,54240,54240,0,0,0,0,0,1130,54240,54240,0
FfiTrampolineData,,61,2928,2928,0,0,0,0,0,61,2928,2928,0
Field,,17264,1933568,1933568,0,0,0,0,0,17264,1933568,1933568,0
Script,,1357,108560,108560,0,0,0,0,0,1357,108560,108560,0
Library,,1074,189024,189024,0,0,0,0,0,1074,189024,189024,0
Namespace,,8848,424704,424704,0,0,0,0,0,8848,424704,424704,0
KernelProgramInfo,,24,2688,2688,0,0,0,0,0,24,2688,2688,0
Code,,12161,2140336,2140336,0,0,0,0,0,12161,2140336,2140336,0
Instructions,,12161,8537776,8537776,0,0,0,0,0,12161,8537776,8537776,0
ObjectPool,,10874,1786048,1786048,0,0,0,0,0,10874,1786048,1786048,0
PcDescriptors,,10820,2039088,2039088,0,0,0,0,0,10820,2039088,2039088,0
CodeSourceMap,,10969,1452144,1452144,0,0,0,0,0,10969,1452144,1452144,0
CompressedStackMaps,,410,45904,45904,0,0,0,0,0,410,45904,45904,0
LocalVarDescriptors,,11,2128,2128,0,0,0,0,0,11,2128,2128,0
ExceptionHandlers,,110,5376,5376,0,0,0,0,0,110,5376,5376,0
Context,,3272,107248,107248,0,0,0,0,0,3272,107248,107248,0
ContextScope,,1072,110208,110208,0,0,0,0,0,1072,110208,110208,0
ICData,,49506,3168384,3168384,0,0,0,0,0,49506,3168384,3168384,0
MegamorphicCache,,295,14160,14160,0,0,0,0,0,295,14160,14160,0
SubtypeTestCache,,126,2016,2016,0,0,0,0,0,126,2016,2016,0
UnhandledException,,1,32,32,0,0,0,0,0,1,32,32,0
UnwindError,,1,32,32,0,0,0,0,0,1,32,32,0
Object,dart:core,15,240,240,0,0,0,0,0,15,240,240,0
_LibraryPrefix,dart:core,277,13296,13296,0,0,0,0,0,277,13296,13296,0
TypeArguments,,1942,100928,100928,0,0,0,0,0,1942,100928,100928,0
_Type,dart:core,8308,398784,398784,0,0,0,0,0,8308,398784,398784,0
_FunctionType,dart:core,23233,1858640,1858640,0,0,0,0,0,23233,1858640,1858640,0
_TypeRef,dart:core,26,1248,1248,0,0,0,0,0,26,1248,1248,0
_TypeParameter,dart:core,922,59008,59008,0,0,0,0,0,922,59008,59008,0
_Closure,dart:core,3430,219520,219520,0,0,0,0,0,3430,219520,219520,0
_Mint,dart:core,2,32,32,0,0,0,0,0,2,32,32,0
_Double,dart:core,2495,39920,39920,0,0,0,0,0,2495,39920,39920,0
Pointer,dart:ffi,61,1952,1952,0,0,0,0,0,61,1952,1952,0
_RawReceivePort,dart:isolate,1,48,48,0,0,0,0,0,1,48,48,0
_SendPort,dart:isolate,6,192,192,0,3,96,96,0,3,96,96,0
_StackTrace,dart:core,23,1104,1104,0,0,0,0,0,23,1104,1104,0
_SuspendState,dart:async,1,144,144,0,0,0,0,0,1,144,144,0
_RegExp,dart:core,1,128,128,0,0,0,0,0,1,128,128,0
_WeakProperty,dart:core,1851,59232,59232,0,0,0,0,0,1851,59232,59232,0
_UserTag,dart:developer,2,64,64,0,0,0,0,0,2,64,64,0
_Map,dart:collection,123,7872,7872,0,0,0,0,0,123,7872,7872,0
_ConstMap,dart:collection,24,1536,1536,0,0,0,0,0,24,1536,1536,0
_Set,dart:collection,37,2368,2368,0,0,0,0,0,37,2368,2368,0
_ConstSet,dart:collection,7,448,448,0,0,0,0,0,7,448,448,0
_List,dart:core,168499,20219568,20219568,0,12,1152,1152,0,168487,20218416,20218416,0
_ImmutableList,dart:core,1669,157264,157264,0,3,192,192,0,1666,157072,157072,0
_GrowableList,dart:core,12251,392032,392032,0,0,0,0,0,12251,392032,392032,0
_OneByteString,dart:core,83387,22042256,22042256,0,15,560,560,0,83372,22041696,22041696,0
_TwoByteString,dart:core,79,8725728,8725728,0,0,0,0,0,79,8725728,8725728,0
Int32,dart:ffi,1,16,16,0,0,0,0,0,1,16,16,0
Int64,dart:ffi,1,16,16,0,0,0,0,0,1,16,16,0
_Uint8List,dart:typed_data,9272,558032,558032,0,0,0,0,0,9272,558032,558032,0
_ExternalUint8Array,dart:typed_data,2528,80896,80896,0,0,0,0,0,2528,80896,80896,0
_Uint16List,dart:typed_data,1274,846320,846320,0,0,0,0,0,1274,846320,846320,0
_Int32List,dart:typed_data,20,3522464,3522464,0,0,0,0,0,20,3522464,3522464,0
_Uint32List,dart:typed_data,236,2892992,2892992,0,0,0,0,0,236,2892992,2892992,0
_Int64List,dart:typed_data,1161,37152,37152,0,0,0,0,0,1161,37152,37152,0
_Uint64List,dart:typed_data,23,99968,99968,0,0,0,0,0,23,99968,99968,0
_Float32List,dart:typed_data,24,7630384,7630384,0,0,0,0,0,24,7630384,7630384,0
_Float64List,dart:typed_data,146764,7047024,7047024,0,0,0,0,0,146764,7047024,7047024,0
_ByteDataView,dart:typed_data,11,528,528,0,0,0,0,0,11,528,528,0
_RegExpHashKey,dart:core,1,80,80,0,0,0,0,0,1,80,80,0
_RegExpHashValue,dart:core,1,32,32,0,0,0,0,0,1,32,32,0
Deprecated,dart:core,1,16,16,0,0,0,0,0,1,16,16,0
_Override,dart:core,1,16,16,0,0,0,0,0,1,16,16,0
pragma,dart:core,582,18624,18624,0,0,0,0,0,582,18624,18624,0
Duration,dart:core,19,304,304,0,0,0,0,0,19,304,304,0
OutOfMemoryError,dart:core,1,16,16,0,0,0,0,0,1,16,16,0
StackOverflowError,dart:core,1,16,16,0,0,0,0,0,1,16,16,0
FormatException,dart:core,3,96,96,0,0,0,0,0,3,96,96,0
IntegerDivisionByZeroException,dart:core,1,16,16,0,0,0,0,0,1,16,16,0
Stopwatch,dart:core,2,64,64,0,0,0,0,0,2,64,64,0
Expando,dart:core,3,144,144,0,0,0,0,0,3,144,144,0
_AsyncCompleter,dart:async,10,320,320,0,0,0,0,0,10,320,320,0
_FutureListener,dart:async,2,128,128,0,0,0,0,0,2,128,128,0
_Future,dart:async,14,672,672,0,0,0,0,0,14,672,672,0
_DelayedDone,dart:async,1,16,16,0,0,0,0,0,1,16,16,0
_EmptyStream,dart:async,1,16,16,0,0,0,0,0,1,16,16,0
_RootZone,dart:async,1,16,16,0,0,0,0,0,1,16,16,0
_HashMap,dart:collection,103,4944,4944,0,0,0,0,0,103,4944,4944,0
_HashMapEntry,dart:collection,4690,225120,225120,0,0,0,0,0,4690,225120,225120,0
_HashSet,dart:collection,13204,633792,633792,0,0,0,0,0,13204,633792,633792,0
_HashSetEntry,dart:collection,7168,344064,344064,0,0,0,0,0,7168,344064,344064,0
_CompactLinkedIdentityHashMap,dart:collection,1,64,64,0,0,0,0,0,1,64,64,0
LinkedList,dart:collection,3,144,144,0,0,0,0,0,3,144,144,0
UnmodifiableMapView,dart:collection,3,96,96,0,0,0,0,0,3,96,96,0
ListQueue,dart:collection,14,672,672,0,0,0,0,0,14,672,672,0
JsonCodec,dart:convert,1,32,32,0,0,0,0,0,1,32,32,0
JsonEncoder,dart:convert,1,32,32,0,0,0,0,0,1,32,32,0
JsonDecoder,dart:convert,1,32,32,0,0,0,0,0,1,32,32,0
LineSplitter,dart:convert,1,16,16,0,0,0,0,0,1,16,16,0
Utf8Codec,dart:convert,1,32,32,0,0,0,0,0,1,32,32,0
Utf8Encoder,dart:convert,1,16,16,0,0,0,0,0,1,16,16,0
Utf8Decoder,dart:convert,2,64,64,0,0,0,0,0,2,64,64,0
TimelineTask,dart:developer,1,48,48,0,0,0,0,0,1,48,48,0
_FfiAbiSpecificMapping,dart:ffi,2,32,32,0,0,0,0,0,2,32,32,0
Abi,dart:ffi,20,640,640,0,0,0,0,0,20,640,640,0
_Architecture,dart:ffi,7,224,224,0,0,0,0,0,7,224,224,0
_OS,dart:ffi,7,224,224,0,0,0,0,0,7,224,224,0
AbiSpecificIntegerMapping,dart:ffi,2,32,32,0,0,0,0,0,2,32,32,0
SentinelValue,dart:_internal,1,16,16,0,0,0,0,0,1,16,16,0
Since,dart:_internal,2,32,32,0,0,0,0,0,2,32,32,0
EmptyIterable,dart:_internal,1,16,16,0,0,0,0,0,1,16,16,0
_Patch,dart:_internal,1,16,16,0,0,0,0,0,1,16,16,0
Symbol,dart:_internal,1,16,16,0,0,0,0,0,1,16,16,0
_TimerHeap,dart:isolate,1,32,32,0,0,0,0,0,1,32,32,0
_Timer,dart:isolate,2,128,128,0,0,0,0,0,2,128,128,0
Point,dart:math,2,64,64,0,0,0,0,0,2,64,64,0
Endian,dart:typed_data,2,32,32,0,0,0,0,0,2,32,32,0
MessageType,dart:_vmservice,4,128,128,0,0,0,0,0,4,128,128,0
ResponsePayloadKind,dart:_vmservice,4,128,128,0,0,0,0,0,4,128,128,0
_IOServicePorts,dart:io,1,32,32,0,0,0,0,0,1,32,32,0
_NamespaceImpl,dart:io,1,48,16,32,0,0,0,0,1,48,16,32
RawSocketEvent,dart:io,4,64,64,0,0,0,0,0,4,64,64,0
FileMode,dart:io,5,80,80,0,0,0,0,0,5,80,80,0
_SocketProfileType,dart:io,8,256,256,0,0,0,0,0,8,256,256,0
ProcessStartMode,dart:io,3,48,48,0,0,0,0,0,3,48,48,0
SocketDirection,dart:io,3,48,48,0,0,0,0,0,3,48,48,0
_RawSocketOptions,dart:io,8,256,256,0,0,0,0,0,8,256,256,0
SystemEncoding,dart:io,1,16,16,0,0,0,0,0,1,16,16,0
_WindowsCodePageDecoder,dart:io,1,16,16,0,0,0,0,0,1,16,16,0
_ChannelCallbackRecord,dart:ui,9,288,288,0,0,0,0,0,9,288,288,0
_Channel,dart:ui,9,432,432,0,0,0,0,0,9,432,432,0
ChannelBuffers,dart:ui,1,16,16,0,0,0,0,0,1,16,16,0
EngineLayer,dart:ui,5,240,80,160,0,0,0,0,5,240,80,160
TransformEngineLayer,dart:ui,1,32,32,0,0,0,0,0,1,32,32,0
OffsetEngineLayer,dart:ui,4,128,128,0,0,0,0,0,4,128,128,0
Offset,dart:ui,2362,75584,75584,0,0,0,0,0,2362,75584,75584,0
Size,dart:ui,5,160,160,0,0,0,0,0,5,160,160,0
Rect,dart:ui,15,720,720,0,0,0,0,0,15,720,720,0
Radius,dart:ui,11,352,352,0,0,0,0,0,11,352,352,0
RRect,dart:ui,4,448,448,0,0,0,0,0,4,448,448,0
KeyEventType,dart:ui,4,128,128,0,0,0,0,0,4,128,128,0
Color,dart:ui,73181,1170896,1170896,0,0,0,0,0,73181,1170896,1170896,0
BlendMode,dart:ui,30,960,960,0,0,0,0,0,30,960,960,0
FilterQuality,dart:ui,5,160,160,0,0,0,0,0,5,160,160,0
StrokeCap,dart:ui,4,128,128,0,0,0,0,0,4,128,128,0
StrokeJoin,dart:ui,4,128,128,0,0,0,0,0,4,128,128,0
PaintingStyle,dart:ui,3,96,96,0,0,0,0,0,3,96,96,0
Clip,dart:ui,5,160,160,0,0,0,0,0,5,160,160,0
Paint,dart:ui,11,352,352,0,0,0,0,0,11,352,352,0
ImageByteFormat,dart:ui,5,160,160,0,0,0,0,0,5,160,160,0
PixelFormat,dart:ui,3,96,96,0,0,0,0,0,3,96,96,0
PathFillType,dart:ui,3,96,96,0,0,0,0,0,3,96,96,0
PathOperation,dart:ui,6,192,192,0,0,0,0,0,6,192,192,0
Path,dart:ui,2,96,32,64,0,0,0,0,2,96,32,64
BlurStyle,dart:ui,5,160,160,0,0,0,0,0,5,160,160,0
TileMode,dart:ui,5,160,160,0,0,0,0,0,5,160,160,0
VertexMode,dart:ui,4,128,128,0,0,0,0,0,4,128,128,0
PointMode,dart:ui,4,128,128,0,0,0,0,0,4,128,128,0
ClipOp,dart:ui,3,96,96,0,0,0,0,0,3,96,96,0
Picture,dart:ui,7,448,224,224,0,0,0,0,7,448,224,224
RootIsolateToken,dart:ui,1,16,16,0,0,0,0,0,1,16,16,0
PlatformDispatcher,dart:ui,1,352,352,0,0,0,0,0,1,352,352,0
PlatformConfiguration,dart:ui,2,160,160,0,0,0,0,0,2,160,160,0
ViewConfiguration,dart:ui,2,192,192,0,0,0,0,0,2,192,192,0
FramePhase,dart:ui,7,224,224,0,0,0,0,0,7,224,224,0
_FrameTimingInfo,dart:ui,6,192,192,0,0,0,0,0,6,192,192,0
AppLifecycleState,dart:ui,5,160,160,0,0,0,0,0,5,160,160,0
WindowPadding,dart:ui,5,240,240,0,0,0,0,0,5,240,240,0
DisplayFeatureType,dart:ui,5,160,160,0,0,0,0,0,5,160,160,0
DisplayFeatureState,dart:ui,4,128,128,0,0,0,0,0,4,128,128,0
Locale,dart:ui,2,64,64,0,0,0,0,0,2,64,64,0
DartPerformanceMode,dart:ui,5,160,160,0,0,0,0,0,5,160,160,0
PointerChange,dart:ui,11,352,352,0,0,0,0,0,11,352,352,0
PointerDeviceKind,dart:ui,7,224,224,0,0,0,0,0,7,224,224,0
PointerSignalKind,dart:ui,6,192,192,0,0,0,0,0,6,192,192,0
SemanticsAction,dart:ui,7,112,112,0,0,0,0,0,7,112,112,0
SemanticsFlag,dart:ui,8,128,128,0,0,0,0,0,8,128,128,0
FontStyle,dart:ui,3,96,96,0,0,0,0,0,3,96,96,0
FontWeight,dart:ui,9,288,288,0,0,0,0,0,9,288,288,0
FontVariation,dart:ui,28,896,896,0,0,0,0,0,28,896,896,0
TextAlign,dart:ui,7,224,224,0,0,0,0,0,7,224,224,0
TextBaseline,dart:ui,3,96,96,0,0,0,0,0,3,96,96,0
TextDecoration,dart:ui,2,32,32,0,0,0,0,0,2,32,32,0
TextDecorationStyle,dart:ui,6,192,192,0,0,0,0,0,6,192,192,0
TextLeadingDistribution,dart:ui,3,96,96,0,0,0,0,0,3,96,96,0
TextDirection,dart:ui,3,96,96,0,0,0,0,0,3,96,96,0
TextAffinity,dart:ui,3,96,96,0,0,0,0,0,3,96,96,0
BoxHeightStyle,dart:ui,7,224,224,0,0,0,0,0,7,224,224,0
BoxWidthStyle,dart:ui,3,96,96,0,0,0,0,0,3,96,96,0
PlaceholderAlignment,dart:ui,7,224,224,0,0,0,0,0,7,224,224,0
Paragraph,dart:ui,1146,73344,36672,36672,0,0,0,0,1146,73344,36672,36672
FlutterWindow,dart:ui,1,32,32,0,0,0,0,0,1,32,32,0
SingletonFlutterWindow,dart:ui,1,32,32,0,0,0,0,0,1,32,32,0
AccessibilityFeatures,dart:ui,1,16,16,0,0,0,0,0,1,16,16,0
Brightness,dart:ui,3,96,96,0,0,0,0,0,3,96,96,0
FrameData,dart:ui,2,32,32,0,0,0,0,0,2,32,32,0
GestureSettings,dart:ui,2,64,64,0,0,0,0,0,2,64,64,0
HttpClientResponseCompressionState,dart:_http,4,128,128,0,0,0,0,0,4,128,128,0
JsonErrorStatus,package:win32/src/winrt/data/json/enums.g.dart,6,192,192,0,0,0,0,0,6,192,192,0
JsonValueType,package:win32/src/winrt/data/json/enums.g.dart,7,224,224,0,0,0,0,0,7,224,224,0
DeviceClass,package:win32/src/winrt/devices/enumeration/enums.g.dart,8,256,256,0,0,0,0,0,8,256,256,0
PedometerStepKind,package:win32/src/winrt/devices/sensors/enums.g.dart,4,128,128,0,0,0,0,0,4,128,128,0
AsyncStatus,package:win32/src/winrt/foundation/enums.g.dart,5,160,160,0,0,0,0,0,5,160,160,0
PropertyType,package:win32/src/winrt/foundation/enums.g.dart,42,1344,1344,0,0,0,0,0,42,1344,1344,0
GameControllerButtonLabel,package:win32/src/winrt/gaming/input/enums.g.dart,70,2240,2240,0,0,0,0,0,70,2240,2240,0
DayOfWeek,package:win32/src/winrt/globalization/enums.g.dart,8,256,256,0,0,0,0,0,8,256,256,0
PhoneNumberFormat,package:win32/src/winrt/globalization/phonenumberformatting/enums.g.dart,5,160,160,0,0,0,0,0,5,160,160,0
PhoneNumberMatchResult,package:win32/src/winrt/globalization/phonenumberformatting/enums.g.dart,5,160,160,0,0,0,0,0,5,160,160,0
PhoneNumberParseResult,package:win32/src/winrt/globalization/phonenumberformatting/enums.g.dart,6,192,192,0,0,0,0,0,6,192,192,0
PredictedPhoneNumberKind,package:win32/src/winrt/globalization/phonenumberformatting/enums.g.dart,13,416,416,0,0,0,0,0,13,416,416,0
HostNameType,package:win32/src/winrt/networking/enums.g.dart,5,160,160,0,0,0,0,0,5,160,160,0
NameCollisionOption,package:win32/src/winrt/storage/enums.g.dart,4,128,128,0,0,0,0,0,4,128,128,0
StorageDeleteOption,package:win32/src/winrt/storage/enums.g.dart,3,96,96,0,0,0,0,0,3,96,96,0
PickerLocationId,package:win32/src/winrt/storage/pickers/enums.g.dart,11,352,352,0,0,0,0,0,11,352,352,0
PickerViewMode,package:win32/src/winrt/storage/pickers/enums.g.dart,3,96,96,0,0,0,0,0,3,96,96,0
BatteryStatus,package:win32/src/winrt/system/power/enums.g.dart,5,160,160,0,0,0,0,0,5,160,160,0
NotificationMirroring,package:win32/src/winrt/ui/notifications/enums.g.dart,3,96,96,0,0,0,0,0,3,96,96,0
ToastNotificationPriority,package:win32/src/winrt/ui/notifications/enums.g.dart,3,96,96,0,0,0,0,0,3,96,96,0
ToastTemplateType,package:win32/src/winrt/ui/notifications/enums.g.dart,9,288,288,0,0,0,0,0,9,288,288,0
Placement,package:win32/src/winrt/ui/popups/enums.g.dart,6,192,192,0,0,0,0,0,6,192,192,0
HandPreference,package:win32/src/winrt/ui/viewmanagement/enums.g.dart,3,96,96,0,0,0,0,0,3,96,96,0
UIColorType,package:win32/src/winrt/ui/viewmanagement/enums.g.dart,11,352,352,0,0,0,0,0,11,352,352,0
UIElementType,package:win32/src/winrt/ui/viewmanagement/enums.g.dart,27,864,864,0,0,0,0,0,27,864,864,0
TrustLevel,package:win32/src/winrt_helpers.dart,4,128,128,0,0,0,0,0,4,128,128,0
Aabb3,vector_math_64,10,320,320,0,0,0,0,0,10,320,320,0
Matrix4,vector_math_64,21,336,336,0,0,0,0,0,21,336,336,0
Vector3,vector_math_64,146743,2347888,2347888,0,0,0,0,0,146743,2347888,2347888,0
KDiTreDi,package:pointcloud_data_viewer/ditredi_/kanavi_ditredi.dart,2,160,160,0,0,0,0,0,2,160,160,0
KDiTreDiDraggable,package:pointcloud_data_viewer/ditredi_/kanavi_ditredi.dart,1,64,64,0,0,0,0,0,1,64,64,0
_KDiTreDiDraggableState,package:pointcloud_data_viewer/ditredi_/kanavi_ditredi.dart,1,64,64,0,0,0,0,0,1,64,64,0
KModelPainter,package:pointcloud_data_viewer/ditredi_/karnavi_canvas_model_painter.dart,8,1152,1152,0,0,0,0,0,8,1152,1152,0
Grid3D,package:pointcloud_data_viewer/ditredi_/model/gird_3d.dart,8,512,512,0,0,0,0,0,8,512,512,0
GuideAxis3D,package:pointcloud_data_viewer/ditredi_/model/guid_axis_3d.dart,8,384,384,0,0,0,0,0,8,384,384,0
PointCloud3D,package:pointcloud_data_viewer/ditredi_/model/point_cloud_3d.dart,9,576,576,0,0,0,0,0,9,576,576,0
FileSystem,package:pointcloud_data_viewer/files/filesystem.dart,2,64,64,0,0,0,0,0,2,64,64,0
PCDField,package:pointcloud_data_viewer/files/pcd_reader.dart,5,160,160,0,0,0,0,0,5,160,160,0
PCDReader,package:pointcloud_data_viewer/files/pcd_reader.dart,2,96,96,0,0,0,0,0,2,96,96,0
MyApp,package:pointcloud_data_viewer/main.dart,1,32,32,0,0,0,0,0,1,32,32,0
HomeScreen,package:pointcloud_data_viewer/screen/home_screen.dart,1,32,32,0,0,0,0,0,1,32,32,0
_HomeScreenState,package:pointcloud_data_viewer/screen/home_screen.dart,1,128,128,0,0,0,0,0,1,128,128,0
ReadMode,package:pointcloud_data_viewer/screen/viewer_screen.dart,3,96,96,0,0,0,0,0,3,96,96,0
ViewScreen,package:pointcloud_data_viewer/screen/viewer_screen.dart,1,64,64,0,0,0,0,0,1,64,64,0
_ViewScreenState,package:pointcloud_data_viewer/screen/viewer_screen.dart,1,144,144,0,0,0,0,0,1,144,144,0
StorageDirectory,package:path_provider_platform_interface/src/enums.dart,11,352,352,0,0,0,0,0,11,352,352,0
DirectoryType,package:path_provider_foundation/messages.g.dart,6,192,192,0,0,0,0,0,6,192,192,0
PathProviderApi,package:path_provider_foundation/messages.g.dart,1,16,16,0,0,0,0,0,1,16,16,0
PathProviderFoundation,package:path_provider_foundation/path_provider_foundation.dart,1,16,16,0,0,0,0,0,1,16,16,0
StorageDirectory,package:path_provider_android/messages.g.dart,12,384,384,0,0,0,0,0,12,384,384,0
StandardMessageCodec,package:flutter/src/services/message_codecs.dart,1,16,16,0,0,0,0,0,1,16,16,0
_Protected,meta,1,16,16,0,0,0,0,0,1,16,16,0
_VisibleForTesting,meta,1,16,16,0,0,0,0,0,1,16,16,0
TargetKind,meta_meta,15,480,480,0,0,0,0,0,15,480,480,0
Direction,package:material_color_utilities/quantize/quantizer_wu.dart,4,128,128,0,0,0,0,0,4,128,128,0
AnimationStatus,package:flutter/src/animation/animation.dart,5,160,160,0,0,0,0,0,5,160,160,0
_AnimationDirection,package:flutter/src/animation/animation_controller.dart,3,96,96,0,0,0,0,0,3,96,96,0
AnimationBehavior,package:flutter/src/animation/animation_controller.dart,3,96,96,0,0,0,0,0,3,96,96,0
AnimationController,package:flutter/src/animation/animation_controller.dart,22,3168,3168,0,0,0,0,0,22,3168,3168,0
_AlwaysCompleteAnimation,package:flutter/src/animation/animations.dart,1,16,16,0,0,0,0,0,1,16,16,0
_AlwaysDismissedAnimation,package:flutter/src/animation/animations.dart,1,16,16,0,0,0,0,0,1,16,16,0
ProxyAnimation,package:flutter/src/animation/animations.dart,10,640,640,0,0,0,0,0,10,640,640,0
ReverseAnimation,package:flutter/src/animation/animations.dart,4,192,192,0,0,0,0,0,4,192,192,0
CurvedAnimation,package:flutter/src/animation/animations.dart,313,20032,20032,0,0,0,0,0,313,20032,20032,0
_TrainHoppingMode,package:flutter/src/animation/animations.dart,3,96,96,0,0,0,0,0,3,96,96,0
TrainHoppingAnimation,package:flutter/src/animation/animations.dart,4,320,320,0,0,0,0,0,4,320,320,0
AnimationMin,package:flutter/src/animation/animations.dart,4,320,320,0,0,0,0,0,4,320,320,0
_Linear,package:flutter/src/animation/curves.dart,1,16,16,0,0,0,0,0,1,16,16,0
Interval,package:flutter/src/animation/curves.dart,40,1920,1920,0,0,0,0,0,40,1920,1920,0
Threshold,package:flutter/src/animation/curves.dart,2,64,64,0,0,0,0,0,2,64,64,0
Cubic,package:flutter/src/animation/curves.dart,6,288,288,0,0,0,0,0,6,288,288,0
FlippedCurve,package:flutter/src/animation/curves.dart,2,64,64,0,0,0,0,0,2,64,64,0
_AnimatedEvaluation,package:flutter/src/animation/tween.dart,20,640,640,0,0,0,0,0,20,640,640,0
_ChainedEvaluation,package:flutter/src/animation/tween.dart,1,32,32,0,0,0,0,0,1,32,32,0
Tween,package:flutter/src/animation/tween.dart,12,384,384,0,0,0,0,0,12,384,384,0
ColorTween,package:flutter/src/animation/tween.dart,10,320,320,0,0,0,0,0,10,320,320,0
CurveTween,package:flutter/src/animation/tween.dart,10,320,320,0,0,0,0,0,10,320,320,0
ScrollBehavior,package:flutter/src/widgets/scroll_configuration.dart,1,16,16,0,0,0,0,0,1,16,16,0
CupertinoDynamicColor,package:flutter/src/cupertino/colors.dart,5,560,560,0,0,0,0,0,5,560,560,0
_ContextMenuLocation,package:flutter/src/cupertino/context_menu.dart,4,128,128,0,0,0,0,0,4,128,128,0
CupertinoDatePickerMode,package:flutter/src/cupertino/date_picker.dart,4,128,128,0,0,0,0,0,4,128,128,0
_PickerColumnType,package:flutter/src/cupertino/date_picker.dart,8,256,256,0,0,0,0,0,8,256,256,0
CupertinoTimerPickerMode,package:flutter/src/cupertino/date_picker.dart,4,128,128,0,0,0,0,0,4,128,128,0
_AlertDialogSections,package:flutter/src/cupertino/dialog.dart,3,96,96,0,0,0,0,0,3,96,96,0
MultiChildLayoutParentData,package:flutter/src/rendering/custom_layout.dart,11,528,528,0,0,0,0,0,11,528,528,0
IconThemeData,package:flutter/src/widgets/icon_theme_data.dart,22,1760,1760,0,0,0,0,0,22,1760,1760,0
CupertinoIconThemeData,package:flutter/src/cupertino/icon_theme_data.dart,1,80,80,0,0,0,0,0,1,80,80,0
CupertinoUserInterfaceLevelData,package:flutter/src/cupertino/interface_level.dart,3,96,96,0,0,0,0,0,3,96,96,0
CupertinoListSectionType,package:flutter/src/cupertino/list_section.dart,3,96,96,0,0,0,0,0,3,96,96,0
_CupertinoListTileType,package:flutter/src/cupertino/list_tile.dart,3,96,96,0,0,0,0,0,3,96,96,0
DatePickerDateTimeOrder,package:flutter/src/cupertino/localizations.dart,5,160,160,0,0,0,0,0,5,160,160,0
DatePickerDateOrder,package:flutter/src/cupertino/localizations.dart,5,160,160,0,0,0,0,0,5,160,160,0
_CupertinoLocalizationsDelegate,package:flutter/src/cupertino/localizations.dart,1,16,16,0,0,0,0,0,1,16,16,0
DefaultCupertinoLocalizations,package:flutter/src/cupertino/localizations.dart,1,16,16,0,0,0,0,0,1,16,16,0
RefreshIndicatorMode,package:flutter/src/cupertino/refresh.dart,6,192,192,0,0,0,0,0,6,192,192,0
CupertinoPageTransition,package:flutter/src/cupertino/route.dart,2,128,128,0,0,0,0,0,2,128,128,0
_CupertinoBackGestureDetector,package:flutter/src/cupertino/route.dart,2,128,128,0,0,0,0,0,2,128,128,0
_CupertinoBackGestureDetectorState,package:flutter/src/cupertino/route.dart,2,128,128,0,0,0,0,0,2,128,128,0
_CupertinoEdgeShadowDecoration,package:flutter/src/cupertino/route.dart,2,32,32,0,0,0,0,0,2,32,32,0
_CupertinoEdgeShadowPainter,package:flutter/src/cupertino/route.dart,2,64,64,0,0,0,0,0,2,64,64,0
RenderConstrainedBox,package:flutter/src/rendering/proxy_box.dart,2295,624240,624240,0,0,0,0,0,2295,624240,624240,0
OverlayVisibilityMode,package:flutter/src/cupertino/text_field.dart,5,160,160,0,0,0,0,0,5,160,160,0
_CupertinoTextSelectionToolbarItemsSlot,package:flutter/src/cupertino/text_selection_toolbar.dart,4,128,128,0,0,0,0,0,4,128,128,0
CupertinoTheme,package:flutter/src/cupertino/theme.dart,1,48,48,0,0,0,0,0,1,48,48,0
_InheritedCupertinoTheme,package:flutter/src/cupertino/theme.dart,1,48,48,0,0,0,0,0,1,48,48,0
NoDefaultCupertinoThemeData,package:flutter/src/cupertino/theme.dart,1,64,64,0,0,0,0,0,1,64,64,0
CupertinoThemeData,package:flutter/src/cupertino/theme.dart,1,64,64,0,0,0,0,0,1,64,64,0
_CupertinoThemeDefaults,package:flutter/src/cupertino/theme.dart,1,64,64,0,0,0,0,0,1,64,64,0
_CupertinoTextThemeDefaults,package:flutter/src/cupertino/theme.dart,1,32,32,0,0,0,0,0,1,32,32,0
PartialStackFrame,package:flutter/src/foundation/assertions.dart,9,288,288,0,0,0,0,0,9,288,288,0
RepetitiveStackFrameFilter,package:flutter/src/foundation/assertions.dart,6,192,192,0,0,0,0,0,6,192,192,0
_MergingListenable,package:flutter/src/foundation/change_notifier.dart,2,32,32,0,0,0,0,0,2,32,32,0
ValueNotifier,package:flutter/src/foundation/change_notifier.dart,17,1360,1360,0,0,0,0,0,17,1360,1360,0
DiagnosticLevel,package:flutter/src/foundation/diagnostics.dart,10,320,320,0,0,0,0,0,10,320,320,0
DiagnosticsTreeStyle,package:flutter/src/foundation/diagnostics.dart,13,416,416,0,0,0,0,0,13,416,416,0
TextTreeConfiguration,package:flutter/src/foundation/diagnostics.dart,1,224,224,0,0,0,0,0,1,224,224,0
_WordWrapParseMode,package:flutter/src/foundation/diagnostics.dart,4,128,128,0,0,0,0,0,4,128,128,0
_NoDefaultValue,package:flutter/src/foundation/diagnostics.dart,1,16,16,0,0,0,0,0,1,16,16,0
ValueKey,package:flutter/src/foundation/key.dart,15,480,480,0,0,0,0,0,15,480,480,0
_LicenseEntryWithLineBreaksParserState,package:flutter/src/foundation/licenses.dart,3,96,96,0,0,0,0,0,3,96,96,0
MemoryAllocations,package:flutter/src/foundation/memory_allocations.dart,1,32,32,0,0,0,0,0,1,32,32,0
ObserverList,package:flutter/src/foundation/observer_list.dart,124,5952,5952,0,0,0,0,0,124,5952,5952,0
HashedObserverList,package:flutter/src/foundation/observer_list.dart,1,32,32,0,0,0,0,0,1,32,32,0
PersistentHashMap,package:flutter/src/foundation/persistent_hash_map.dart,100,3200,3200,0,0,0,0,0,100,3200,3200,0
_CompressedNode,package:flutter/src/foundation/persistent_hash_map.dart,171,5472,5472,0,0,0,0,0,171,5472,5472,0
TargetPlatform,package:flutter/src/foundation/platform.dart,7,224,224,0,0,0,0,0,7,224,224,0
_WordWrapParseMode,package:flutter/src/foundation/print.dart,4,128,128,0,0,0,0,0,4,128,128,0
FoundationServiceExtensions,package:flutter/src/foundation/service_extensions.dart,7,224,224,0,0,0,0,0,7,224,224,0
GestureDisposition,package:flutter/src/gestures/arena.dart,3,96,96,0,0,0,0,0,3,96,96,0
GestureArenaEntry,package:flutter/src/gestures/arena.dart,8,256,256,0,0,0,0,0,8,256,256,0
GestureArenaManager,package:flutter/src/gestures/arena.dart,1,16,16,0,0,0,0,0,1,16,16,0
_Resampler,package:flutter/src/gestures/binding.dart,1,96,96,0,0,0,0,0,1,96,96,0
_ForceState,package:flutter/src/gestures/force_press.dart,6,192,192,0,0,0,0,0,6,192,192,0
DeviceGestureSettings,package:flutter/src/gestures/gesture_settings.dart,2,32,32,0,0,0,0,0,2,32,32,0
_DragState,package:flutter/src/gestures/monodrag.dart,4,128,128,0,0,0,0,0,4,128,128,0
HorizontalDragGestureRecognizer,package:flutter/src/gestures/monodrag.dart,2,448,448,0,0,0,0,0,2,448,448,0
PointerRouter,package:flutter/src/gestures/pointer_router.dart,1,32,32,0,0,0,0,0,1,32,32,0
PointerSignalResolver,package:flutter/src/gestures/pointer_signal_resolver.dart,1,32,32,0,0,0,0,0,1,32,32,0
DragStartBehavior,package:flutter/src/gestures/recognizer.dart,3,96,96,0,0,0,0,0,3,96,96,0
GestureRecognizerState,package:flutter/src/gestures/recognizer.dart,4,128,128,0,0,0,0,0,4,128,128,0
_ScaleState,package:flutter/src/gestures/scale.dart,5,160,160,0,0,0,0,0,5,160,160,0
ScaleGestureRecognizer,package:flutter/src/gestures/scale.dart,1,256,256,0,0,0,0,0,1,256,256,0
TapGestureRecognizer,package:flutter/src/gestures/tap.dart,7,1792,1792,0,0,0,0,0,7,1792,1792,0
_ActionLevel,package:flutter/src/material/about.dart,3,96,96,0,0,0,0,0,3,96,96,0
_LayoutMode,package:flutter/src/material/about.dart,4,128,128,0,0,0,0,0,4,128,128,0
_Focus,package:flutter/src/material/about.dart,3,96,96,0,0,0,0,0,3,96,96,0
ChipThemeData,package:flutter/src/material/chip_theme.dart,1,176,176,0,0,0,0,0,1,176,176,0
ThemeMode,package:flutter/src/material/app.dart,4,128,128,0,0,0,0,0,4,128,128,0
MaterialApp,package:flutter/src/material/app.dart,1,352,352,0,0,0,0,0,1,352,352,0
MaterialScrollBehavior,package:flutter/src/material/app.dart,1,32,32,0,0,0,0,0,1,32,32,0
_MaterialAppState,package:flutter/src/material/app.dart,1,48,48,0,0,0,0,0,1,48,48,0
_ToolbarContainerLayout,package:flutter/src/material/app_bar.dart,2,64,64,0,0,0,0,0,2,64,64,0
_PreferredAppBarSize,package:flutter/src/material/app_bar.dart,3,144,144,0,0,0,0,0,3,144,144,0
AppBar,package:flutter/src/material/app_bar.dart,3,816,816,0,0,0,0,0,3,816,816,0
_AppBarState,package:flutter/src/material/app_bar.dart,2,128,128,0,0,0,0,0,2,128,128,0
_AppBarTitleBox,package:flutter/src/material/app_bar.dart,2,64,64,0,0,0,0,0,2,64,64,0
_RenderAppBarTitleBox,package:flutter/src/material/app_bar.dart,2,576,576,0,0,0,0,0,2,576,576,0
_ScrollUnderFlexibleVariant,package:flutter/src/material/app_bar.dart,3,96,96,0,0,0,0,0,3,96,96,0
AppBarTheme,package:flutter/src/material/app_bar_theme.dart,1,160,160,0,0,0,0,0,1,160,160,0
_CornerId,package:flutter/src/material/arc.dart,5,160,160,0,0,0,0,0,5,160,160,0
BackButton,package:flutter/src/material/back_button.dart,1,48,48,0,0,0,0,0,1,48,48,0
CloseButton,package:flutter/src/material/back_button.dart,1,48,48,0,0,0,0,0,1,48,48,0
BadgeThemeData,package:flutter/src/material/badge_theme.dart,1,64,64,0,0,0,0,0,1,64,64,0
MaterialBannerClosedReason,package:flutter/src/material/banner.dart,5,160,160,0,0,0,0,0,5,160,160,0
MaterialBannerThemeData,package:flutter/src/material/banner_theme.dart,1,80,80,0,0,0,0,0,1,80,80,0
BottomAppBarTheme,package:flutter/src/material/bottom_app_bar_theme.dart,1,64,64,0,0,0,0,0,1,64,64,0
BottomNavigationBarType,package:flutter/src/material/bottom_navigation_bar.dart,3,96,96,0,0,0,0,0,3,96,96,0
BottomNavigationBarLandscapeLayout,package:flutter/src/material/bottom_navigation_bar.dart,4,128,128,0,0,0,0,0,4,128,128,0
BottomNavigationBarThemeData,package:flutter/src/material/bottom_navigation_bar_theme.dart,1,128,128,0,0,0,0,0,1,128,128,0
BottomSheetThemeData,package:flutter/src/material/bottom_sheet_theme.dart,1,80,80,0,0,0,0,0,1,80,80,0
Flex,package:flutter/src/widgets/basic.dart,1,96,96,0,0,0,0,0,1,96,96,0
RenderFlex,package:flutter/src/rendering/flex.dart,6,2208,2208,0,0,0,0,0,6,2208,2208,0
ButtonBarThemeData,package:flutter/src/material/button_bar_theme.dart,1,80,80,0,0,0,0,0,1,80,80,0
ButtonStyle,package:flutter/src/material/button_style.dart,6,1152,1152,0,0,0,0,0,6,1152,1152,0
BorderSide,package:flutter/src/painting/borders.dart,3,144,144,0,0,0,0,0,3,144,144,0
_ButtonStyleState,package:flutter/src/material/button_style_button.dart,2,192,192,0,0,0,0,0,2,192,192,0
_MouseCursor,package:flutter/src/material/button_style_button.dart,2,32,32,0,0,0,0,0,2,32,32,0
_InputPadding,package:flutter/src/material/button_style_button.dart,2,96,96,0,0,0,0,0,2,96,96,0
_RenderInputPadding,package:flutter/src/material/button_style_button.dart,2,544,544,0,0,0,0,0,2,544,544,0
ButtonTextTheme,package:flutter/src/material/button_theme.dart,4,128,128,0,0,0,0,0,4,128,128,0
ButtonBarLayoutBehavior,package:flutter/src/material/button_theme.dart,3,96,96,0,0,0,0,0,3,96,96,0
ButtonThemeData,package:flutter/src/material/button_theme.dart,2,256,256,0,0,0,0,0,2,256,256,0
CardTheme,package:flutter/src/material/card_theme.dart,1,64,64,0,0,0,0,0,1,64,64,0
CheckboxThemeData,package:flutter/src/material/checkbox_theme.dart,1,80,80,0,0,0,0,0,1,80,80,0
_ChipSlot,package:flutter/src/material/chip.dart,4,128,128,0,0,0,0,0,4,128,128,0
ColorScheme,package:flutter/src/material/color_scheme.dart,5,1360,1360,0,0,0,0,0,5,1360,1360,0
MaterialColor,package:flutter/src/material/colors.dart,4,128,128,0,0,0,0,0,4,128,128,0
MaterialAccentColor,package:flutter/src/material/colors.dart,1,32,32,0,0,0,0,0,1,32,32,0
InkResponse,package:flutter/src/material/ink_well.dart,2,512,512,0,0,0,0,0,2,512,512,0
DataTableThemeData,package:flutter/src/material/data_table_theme.dart,1,96,96,0,0,0,0,0,1,96,96,0
DatePickerEntryMode,package:flutter/src/material/date.dart,5,160,160,0,0,0,0,0,5,160,160,0
DatePickerMode,package:flutter/src/material/date.dart,3,96,96,0,0,0,0,0,3,96,96,0
AutovalidateMode,package:flutter/src/widgets/form.dart,4,128,128,0,0,0,0,0,4,128,128,0
_HighlightPainterStyle,package:flutter/src/material/date_picker.dart,5,160,160,0,0,0,0,0,5,160,160,0
DialogTheme,package:flutter/src/material/dialog_theme.dart,1,96,96,0,0,0,0,0,1,96,96,0
DividerThemeData,package:flutter/src/material/divider_theme.dart,1,48,48,0,0,0,0,0,1,48,48,0
DrawerAlignment,package:flutter/src/material/drawer.dart,3,96,96,0,0,0,0,0,3,96,96,0
DrawerThemeData,package:flutter/src/material/drawer_theme.dart,1,80,80,0,0,0,0,0,1,80,80,0
_DropdownRouteResult,package:flutter/src/material/dropdown.dart,1,32,32,0,0,0,0,0,1,32,32,0
_DropdownRoute,package:flutter/src/material/dropdown.dart,1,352,352,0,0,0,0,0,1,352,352,0
_MenuItem,package:flutter/src/material/dropdown.dart,1136,72704,72704,0,0,0,0,0,1136,72704,72704,0
DropdownMenuItem,package:flutter/src/material/dropdown.dart,1137,90960,90960,0,0,0,0,0,1137,90960,90960,0
DropdownButton,package:flutter/src/material/dropdown.dart,2,512,512,0,0,0,0,0,2,512,512,0
_DropdownButtonState,package:flutter/src/material/dropdown.dart,1,96,96,0,0,0,0,0,1,96,96,0
DropdownMenuThemeData,package:flutter/src/material/dropdown_menu_theme.dart,1,32,32,0,0,0,0,0,1,32,32,0
ElevatedButton,package:flutter/src/material/elevated_button.dart,4,448,448,0,0,0,0,0,4,448,448,0
_ElevatedButtonDefaultColor,package:flutter/src/material/elevated_button.dart,12,384,384,0,0,0,0,0,12,384,384,0
_ElevatedButtonDefaultOverlay,package:flutter/src/material/elevated_button.dart,6,192,192,0,0,0,0,0,6,192,192,0
_ElevatedButtonDefaultElevation,package:flutter/src/material/elevated_button.dart,6,192,192,0,0,0,0,0,6,192,192,0
_ElevatedButtonDefaultMouseCursor,package:flutter/src/material/elevated_button.dart,2,64,64,0,0,0,0,0,2,64,64,0
ElevatedButtonThemeData,package:flutter/src/material/elevated_button_theme.dart,1,16,16,0,0,0,0,0,1,16,16,0
ExpansionTileThemeData,package:flutter/src/material/expansion_tile_theme.dart,1,112,112,0,0,0,0,0,1,112,112,0
_FilledButtonVariant,package:flutter/src/material/filled_button.dart,3,96,96,0,0,0,0,0,3,96,96,0
FilledButtonThemeData,package:flutter/src/material/filled_button_theme.dart,1,16,16,0,0,0,0,0,1,16,16,0
CollapseMode,package:flutter/src/material/flexible_space_bar.dart,4,128,128,0,0,0,0,0,4,128,128,0
StretchMode,package:flutter/src/material/flexible_space_bar.dart,4,128,128,0,0,0,0,0,4,128,128,0
FlexibleSpaceBarSettings,package:flutter/src/material/flexible_space_bar.dart,3,240,240,0,0,0,0,0,3,240,240,0
_FloatingActionButtonType,package:flutter/src/material/floating_action_button.dart,5,160,160,0,0,0,0,0,5,160,160,0
FloatingActionButtonThemeData,package:flutter/src/material/floating_action_button_theme.dart,1,176,176,0,0,0,0,0,1,176,176,0
_EndFloatFabLocation,package:flutter/src/material/floating_action_button_location.dart,1,16,16,0,0,0,0,0,1,16,16,0
_ScalingFabMotionAnimator,package:flutter/src/material/floating_action_button_location.dart,1,16,16,0,0,0,0,0,1,16,16,0
_AnimationSwap,package:flutter/src/material/floating_action_button_location.dart,4,384,384,0,0,0,0,0,4,384,384,0
IconButton,package:flutter/src/material/icon_button.dart,3,624,624,0,0,0,0,0,3,624,624,0
IconButtonThemeData,package:flutter/src/material/icon_button_theme.dart,1,16,16,0,0,0,0,0,1,16,16,0
_InkRippleFactory,package:flutter/src/material/ink_ripple.dart,1,16,16,0,0,0,0,0,1,16,16,0
_InkSparkleFactory,package:flutter/src/material/ink_sparkle.dart,1,16,16,0,0,0,0,0,1,16,16,0
_InkSplashFactory,package:flutter/src/material/ink_splash.dart,1,16,16,0,0,0,0,0,1,16,16,0
_ParentInkResponseProvider,package:flutter/src/material/ink_well.dart,5,240,240,0,0,0,0,0,5,240,240,0
_InkResponseStateWidget,package:flutter/src/material/ink_well.dart,5,1360,1360,0,0,0,0,0,5,1360,1360,0
_HighlightType,package:flutter/src/material/ink_well.dart,4,128,128,0,0,0,0,0,4,128,128,0
_InkResponseState,package:flutter/src/material/ink_well.dart,5,560,560,0,0,0,0,0,5,560,560,0
InkWell,package:flutter/src/material/ink_well.dart,3,768,768,0,0,0,0,0,3,768,768,0
FloatingLabelBehavior,package:flutter/src/material/input_decorator.dart,4,128,128,0,0,0,0,0,4,128,128,0
FloatingLabelAlignment,package:flutter/src/material/input_decorator.dart,1,16,16,0,0,0,0,0,1,16,16,0
_DecorationSlot,package:flutter/src/material/input_decorator.dart,12,384,384,0,0,0,0,0,12,384,384,0
InputDecorationTheme,package:flutter/src/material/input_decorator.dart,1,272,272,0,0,0,0,0,1,272,272,0
ListTileStyle,package:flutter/src/material/list_tile.dart,3,96,96,0,0,0,0,0,3,96,96,0
ListTileControlAffinity,package:flutter/src/material/list_tile.dart,4,128,128,0,0,0,0,0,4,128,128,0
_ListTileSlot,package:flutter/src/material/list_tile.dart,5,160,160,0,0,0,0,0,5,160,160,0
ListTileThemeData,package:flutter/src/material/list_tile_theme.dart,1,128,128,0,0,0,0,0,1,128,128,0
MaterialType,package:flutter/src/material/material.dart,6,192,192,0,0,0,0,0,6,192,192,0
Material,package:flutter/src/material/material.dart,6,768,768,0,0,0,0,0,6,768,768,0
_MaterialState,package:flutter/src/material/material.dart,6,384,384,0,0,0,0,0,6,384,384,0
_RenderInkFeatures,package:flutter/src/material/material.dart,6,1728,1728,0,0,0,0,0,6,1728,1728,0
_InkFeatures,package:flutter/src/material/material.dart,6,384,384,0,0,0,0,0,6,384,384,0
ShapeBorderTween,package:flutter/src/material/material.dart,2,64,64,0,0,0,0,0,2,64,64,0
_MaterialInterior,package:flutter/src/material/material.dart,2,224,224,0,0,0,0,0,2,224,224,0
_MaterialInteriorState,package:flutter/src/material/material.dart,2,224,224,0,0,0,0,0,2,224,224,0
_ShapeBorderPaint,package:flutter/src/material/material.dart,2,96,96,0,0,0,0,0,2,96,96,0
_ShapeBorderPainter,package:flutter/src/material/material.dart,2,64,64,0,0,0,0,0,2,64,64,0
_MaterialLocalizationsDelegate,package:flutter/src/material/material_localizations.dart,1,16,16,0,0,0,0,0,1,16,16,0
DefaultMaterialLocalizations,package:flutter/src/material/material_localizations.dart,1,16,16,0,0,0,0,0,1,16,16,0
MaterialState,package:flutter/src/material/material_state.dart,9,288,288,0,0,0,0,0,9,288,288,0
_EnabledAndDisabledMouseCursor,package:flutter/src/material/material_state.dart,1,32,32,0,0,0,0,0,1,32,32,0
TextStyle,package:flutter/src/painting/text_style.dart,268,60032,60032,0,0,0,0,0,268,60032,60032,0
_MaterialStatePropertyWith,package:flutter/src/material/material_state.dart,2,64,64,0,0,0,0,0,2,64,64,0
MaterialStatePropertyAll,package:flutter/src/material/material_state.dart,20,640,640,0,0,0,0,0,20,640,640,0
MaterialStatesController,package:flutter/src/material/material_state.dart,5,400,400,0,0,0,0,0,5,400,400,0
DirectionalFocusAction,package:flutter/src/widgets/focus_traversal.dart,1,48,48,0,0,0,0,0,1,48,48,0
MenuBarThemeData,package:flutter/src/material/menu_bar_theme.dart,1,16,16,0,0,0,0,0,1,16,16,0
MenuThemeData,package:flutter/src/material/menu_theme.dart,1,16,16,0,0,0,0,0,1,16,16,0
MenuButtonThemeData,package:flutter/src/material/menu_button_theme.dart,1,16,16,0,0,0,0,0,1,16,16,0
NavigationDestinationLabelBehavior,package:flutter/src/material/navigation_bar.dart,4,128,128,0,0,0,0,0,4,128,128,0
NavigationBarThemeData,package:flutter/src/material/navigation_bar_theme.dart,1,96,96,0,0,0,0,0,1,96,96,0
NavigationDrawerThemeData,package:flutter/src/material/navigation_drawer_theme.dart,1,96,96,0,0,0,0,0,1,96,96,0
NavigationRailLabelType,package:flutter/src/material/navigation_rail.dart,4,128,128,0,0,0,0,0,4,128,128,0
NavigationRailThemeData,package:flutter/src/material/navigation_rail_theme.dart,1,112,112,0,0,0,0,0,1,112,112,0
OutlinedButtonThemeData,package:flutter/src/material/outlined_button_theme.dart,1,16,16,0,0,0,0,0,1,16,16,0
MaterialPageRoute,package:flutter/src/material/page.dart,3,816,816,0,0,0,0,0,3,816,816,0
ZoomPageTransitionsBuilder,package:flutter/src/material/page_transitions_theme.dart,1,16,16,0,0,0,0,0,1,16,16,0
CupertinoPageTransitionsBuilder,package:flutter/src/material/page_transitions_theme.dart,1,16,16,0,0,0,0,0,1,16,16,0
PageTransitionsTheme,package:flutter/src/material/page_transitions_theme.dart,1,16,16,0,0,0,0,0,1,16,16,0
PopupMenuThemeData,package:flutter/src/material/popup_menu_theme.dart,1,96,96,0,0,0,0,0,1,96,96,0
PopupMenuPosition,package:flutter/src/material/popup_menu_theme.dart,3,96,96,0,0,0,0,0,3,96,96,0
_ActivityIndicatorType,package:flutter/src/material/progress_indicator.dart,3,96,96,0,0,0,0,0,3,96,96,0
ProgressIndicatorThemeData,package:flutter/src/material/progress_indicator_theme.dart,1,48,48,0,0,0,0,0,1,48,48,0
RadioThemeData,package:flutter/src/material/radio_theme.dart,1,64,64,0,0,0,0,0,1,64,64,0
_RefreshIndicatorMode,package:flutter/src/material/refresh_indicator.dart,7,224,224,0,0,0,0,0,7,224,224,0
RefreshIndicatorTriggerMode,package:flutter/src/material/refresh_indicator.dart,3,96,96,0,0,0,0,0,3,96,96,0
GlobalObjectKey,package:flutter/src/widgets/framework.dart,4,128,128,0,0,0,0,0,4,128,128,0
_ScaffoldSlot,package:flutter/src/material/scaffold.dart,13,416,416,0,0,0,0,0,13,416,416,0
ScaffoldMessenger,package:flutter/src/material/scaffold.dart,1,32,32,0,0,0,0,0,1,32,32,0
ScaffoldMessengerState,package:flutter/src/material/scaffold.dart,1,112,112,0,0,0,0,0,1,112,112,0
_ScaffoldMessengerScope,package:flutter/src/material/scaffold.dart,1,48,48,0,0,0,0,0,1,48,48,0
ScaffoldGeometry,package:flutter/src/material/scaffold.dart,3,96,96,0,0,0,0,0,3,96,96,0
_ScaffoldGeometryNotifier,package:flutter/src/material/scaffold.dart,2,160,160,0,0,0,0,0,2,160,160,0
_BodyBoxConstraints,package:flutter/src/material/scaffold.dart,2,128,128,0,0,0,0,0,2,128,128,0
BoxConstraints,package:flutter/src/rendering/box.dart,4661,223728,223728,0,0,0,0,0,4661,223728,223728,0
_BodyBuilder,package:flutter/src/material/scaffold.dart,3,144,144,0,0,0,0,0,3,144,144,0
_ScaffoldLayout,package:flutter/src/material/scaffold.dart,2,288,288,0,0,0,0,0,2,288,288,0
_FloatingActionButtonTransition,package:flutter/src/material/scaffold.dart,3,192,192,0,0,0,0,0,3,192,192,0
_FloatingActionButtonTransitionState,package:flutter/src/material/scaffold.dart,2,224,224,0,0,0,0,0,2,224,224,0
Scaffold,package:flutter/src/material/scaffold.dart,2,448,448,0,0,0,0,0,2,448,448,0
ScaffoldState,package:flutter/src/material/scaffold.dart,2,544,544,0,0,0,0,0,2,544,544,0
_DismissDrawerAction,package:flutter/src/material/scaffold.dart,2,96,96,0,0,0,0,0,2,96,96,0
_ScaffoldScope,package:flutter/src/material/scaffold.dart,2,96,96,0,0,0,0,0,2,96,96,0
ScrollbarThemeData,package:flutter/src/material/scrollbar_theme.dart,1,112,112,0,0,0,0,0,1,112,112,0
_SearchBody,package:flutter/src/material/search.dart,3,96,96,0,0,0,0,0,3,96,96,0
SegmentedButtonThemeData,package:flutter/src/material/segmented_button_theme.dart,1,32,32,0,0,0,0,0,1,32,32,0
_SliderType,package:flutter/src/material/slider.dart,3,96,96,0,0,0,0,0,3,96,96,0
_SliderAdjustmentType,package:flutter/src/material/slider.dart,5,160,160,0,0,0,0,0,5,160,160,0
SliderThemeData,package:flutter/src/material/slider_theme.dart,1,256,256,0,0,0,0,0,1,256,256,0
ShowValueIndicator,package:flutter/src/material/slider_theme.dart,5,160,160,0,0,0,0,0,5,160,160,0
Thumb,package:flutter/src/material/slider_theme.dart,3,96,96,0,0,0,0,0,3,96,96,0
SnackBarClosedReason,package:flutter/src/material/snack_bar.dart,7,224,224,0,0,0,0,0,7,224,224,0
SnackBarThemeData,package:flutter/src/material/snack_bar_theme.dart,1,96,96,0,0,0,0,0,1,96,96,0
SnackBarBehavior,package:flutter/src/material/snack_bar_theme.dart,3,96,96,0,0,0,0,0,3,96,96,0
StepState,package:flutter/src/material/stepper.dart,6,192,192,0,0,0,0,0,6,192,192,0
StepperType,package:flutter/src/material/stepper.dart,3,96,96,0,0,0,0,0,3,96,96,0
_SwitchType,package:flutter/src/material/switch.dart,3,96,96,0,0,0,0,0,3,96,96,0
SwitchThemeData,package:flutter/src/material/switch_theme.dart,1,64,64,0,0,0,0,0,1,64,64,0
_SwitchListTileType,package:flutter/src/material/switch_list_tile.dart,3,96,96,0,0,0,0,0,3,96,96,0
TabBarTheme,package:flutter/src/material/tab_bar_theme.dart,1,112,112,0,0,0,0,0,1,112,112,0
TabBarIndicatorSize,package:flutter/src/material/tabs.dart,3,96,96,0,0,0,0,0,3,96,96,0
ScrollController,package:flutter/src/widgets/scroll_controller.dart,3,288,288,0,0,0,0,0,3,288,288,0
TextButtonThemeData,package:flutter/src/material/text_button_theme.dart,1,16,16,0,0,0,0,0,1,16,16,0
TextSelectionThemeData,package:flutter/src/material/text_selection_theme.dart,1,32,32,0,0,0,0,0,1,32,32,0
MultiChildRenderObjectElement,package:flutter/src/widgets/framework.dart,1161,204336,204336,0,0,0,0,0,1161,204336,204336,0
_TextSelectionToolbarItemPosition,package:flutter/src/material/text_selection_toolbar_text_button.dart,5,160,160,0,0,0,0,0,5,160,160,0
TextTheme,package:flutter/src/material/text_theme.dart,16,2048,2048,0,0,0,0,0,16,2048,2048,0
Theme,package:flutter/src/material/theme.dart,1,48,48,0,0,0,0,0,1,48,48,0
_InheritedTheme,package:flutter/src/material/theme.dart,1,48,48,0,0,0,0,0,1,48,48,0
ThemeDataTween,package:flutter/src/material/theme.dart,1,32,32,0,0,0,0,0,1,32,32,0
ThemeData,package:flutter/src/material/theme_data.dart,3,2208,2208,0,0,0,0,0,3,2208,2208,0
AnimatedTheme,package:flutter/src/material/theme.dart,1,64,64,0,0,0,0,0,1,64,64,0
_AnimatedThemeState,package:flutter/src/material/theme.dart,1,80,80,0,0,0,0,0,1,80,80,0
MaterialTapTargetSize,package:flutter/src/material/theme_data.dart,3,96,96,0,0,0,0,0,3,96,96,0
MaterialBasedCupertinoThemeData,package:flutter/src/material/theme_data.dart,1,80,80,0,0,0,0,0,1,80,80,0
_IdentityThemeDataCacheKey,package:flutter/src/material/theme_data.dart,1,32,32,0,0,0,0,0,1,32,32,0
_FifoCache,package:flutter/src/material/theme_data.dart,1,32,32,0,0,0,0,0,1,32,32,0
VisualDensity,package:flutter/src/material/theme_data.dart,2,64,64,0,0,0,0,0,2,64,64,0
DayPeriod,package:flutter/src/material/time.dart,3,96,96,0,0,0,0,0,3,96,96,0
TimeOfDayFormat,package:flutter/src/material/time.dart,7,224,224,0,0,0,0,0,7,224,224,0
HourFormat,package:flutter/src/material/time.dart,4,128,128,0,0,0,0,0,4,128,128,0
_TimePickerMode,package:flutter/src/material/time_picker.dart,3,96,96,0,0,0,0,0,3,96,96,0
TimePickerEntryMode,package:flutter/src/material/time_picker.dart,5,160,160,0,0,0,0,0,5,160,160,0
TimePickerThemeData,package:flutter/src/material/time_picker_theme.dart,1,144,144,0,0,0,0,0,1,144,144,0
ToggleButtonsThemeData,package:flutter/src/material/toggle_buttons_theme.dart,1,128,128,0,0,0,0,0,1,128,128,0
TooltipThemeData,package:flutter/src/material/tooltip_theme.dart,1,112,112,0,0,0,0,0,1,112,112,0
TooltipTriggerMode,package:flutter/src/material/tooltip_theme.dart,4,128,128,0,0,0,0,0,4,128,128,0
ScriptCategory,package:flutter/src/material/typography.dart,4,128,128,0,0,0,0,0,4,128,128,0
Typography,package:flutter/src/material/typography.dart,2,96,96,0,0,0,0,0,2,96,96,0
Alignment,package:flutter/src/painting/alignment.dart,1145,36640,36640,0,0,0,0,0,1145,36640,36640,0
AlignmentDirectional,package:flutter/src/painting/alignment.dart,3,96,96,0,0,0,0,0,3,96,96,0
RenderComparison,package:flutter/src/painting/basic_types.dart,5,160,160,0,0,0,0,0,5,160,160,0
Axis,package:flutter/src/painting/basic_types.dart,3,96,96,0,0,0,0,0,3,96,96,0
VerticalDirection,package:flutter/src/painting/basic_types.dart,3,96,96,0,0,0,0,0,3,96,96,0
AxisDirection,package:flutter/src/painting/basic_types.dart,5,160,160,0,0,0,0,0,5,160,160,0
_SystemFontsNotifier,package:flutter/src/painting/binding.dart,1,16,16,0,0,0,0,0,1,16,16,0
BorderRadius,package:flutter/src/painting/border_radius.dart,4,192,192,0,0,0,0,0,4,192,192,0
BorderStyle,package:flutter/src/painting/borders.dart,3,96,96,0,0,0,0,0,3,96,96,0
BoxShape,package:flutter/src/painting/box_border.dart,3,96,96,0,0,0,0,0,3,96,96,0
Border,package:flutter/src/painting/box_border.dart,1,48,48,0,0,0,0,0,1,48,48,0
BoxDecoration,package:flutter/src/painting/box_decoration.dart,1,80,80,0,0,0,0,0,1,80,80,0
_BoxDecorationPainter,package:flutter/src/painting/box_decoration.dart,1,48,48,0,0,0,0,0,1,48,48,0
BoxFit,package:flutter/src/painting/box_fit.dart,8,256,256,0,0,0,0,0,8,256,256,0
FittedSizes,package:flutter/src/painting/box_fit.dart,1,32,32,0,0,0,0,0,1,32,32,0
BoxShadow,package:flutter/src/painting/box_shadow.dart,31,1488,1488,0,0,0,0,0,31,1488,1488,0
CircleBorder,package:flutter/src/painting/circle_border.dart,1,32,32,0,0,0,0,0,1,32,32,0
ImageRepeat,package:flutter/src/painting/decoration_image.dart,5,160,160,0,0,0,0,0,5,160,160,0
EdgeInsets,package:flutter/src/painting/edge_insets.dart,65,3120,3120,0,0,0,0,0,65,3120,3120,0
EdgeInsetsDirectional,package:flutter/src/painting/edge_insets.dart,2,96,96,0,0,0,0,0,2,96,96,0
_MixedEdgeInsets,package:flutter/src/painting/edge_insets.dart,1,64,64,0,0,0,0,0,1,64,64,0
FlutterLogoStyle,package:flutter/src/painting/flutter_logo.dart,4,128,128,0,0,0,0,0,4,128,128,0
ImageCache,package:flutter/src/painting/image_cache.dart,1,64,64,0,0,0,0,0,1,64,64,0
ImageConfiguration,package:flutter/src/painting/image_provider.dart,4,256,256,0,0,0,0,0,4,256,256,0
InlineSpanSemanticsInformation,package:flutter/src/painting/inline_span.dart,1145,73280,73280,0,0,0,0,0,1145,73280,73280,0
RoundedRectangleBorder,package:flutter/src/painting/rounded_rectangle_border.dart,10,320,320,0,0,0,0,0,10,320,320,0
TextOverflow,package:flutter/src/painting/text_painter.dart,5,160,160,0,0,0,0,0,5,160,160,0
PlaceholderDimensions,package:flutter/src/painting/text_painter.dart,1,48,48,0,0,0,0,0,1,48,48,0
TextWidthBasis,package:flutter/src/painting/text_painter.dart,3,96,96,0,0,0,0,0,3,96,96,0
TextPainter,package:flutter/src/painting/text_painter.dart,1152,239616,239616,0,0,0,0,0,1152,239616,239616,0
TextSpan,package:flutter/src/painting/text_span.dart,1152,110592,110592,0,0,0,0,0,1152,110592,110592,0
SpringType,package:flutter/src/physics/spring_simulation.dart,4,128,128,0,0,0,0,0,4,128,128,0
Tolerance,package:flutter/src/physics/tolerance.dart,2,64,64,0,0,0,0,0,2,64,64,0
RenderAnimatedSizeState,package:flutter/src/rendering/animated_size.dart,5,160,160,0,0,0,0,0,5,160,160,0
_DebugSize,package:flutter/src/rendering/box.dart,4740,227520,227520,0,0,0,0,0,4740,227520,227520,0
BoxParentData,package:flutter/src/rendering/box.dart,1167,18672,18672,0,0,0,0,0,1167,18672,18672,0
ParentData,package:flutter/src/rendering/object.dart,2398,38368,38368,0,0,0,0,0,2398,38368,38368,0
_IntrinsicDimension,package:flutter/src/rendering/box.dart,5,160,160,0,0,0,0,0,5,160,160,0
RenderCustomMultiChildLayoutBox,package:flutter/src/rendering/custom_layout.dart,4,1152,1152,0,0,0,0,0,4,1152,1152,0
RenderCustomPaint,package:flutter/src/rendering/custom_paint.dart,4,1344,1344,0,0,0,0,0,4,1344,1344,0
_OverflowSide,package:flutter/src/rendering/debug_overflow_indicator.dart,5,160,160,0,0,0,0,0,5,160,160,0
FlexFit,package:flutter/src/rendering/flex.dart,3,96,96,0,0,0,0,0,3,96,96,0
FlexParentData,package:flutter/src/rendering/flex.dart,17,1088,1088,0,0,0,0,0,17,1088,1088,0
MainAxisSize,package:flutter/src/rendering/flex.dart,3,96,96,0,0,0,0,0,3,96,96,0
MainAxisAlignment,package:flutter/src/rendering/flex.dart,7,224,224,0,0,0,0,0,7,224,224,0
CrossAxisAlignment,package:flutter/src/rendering/flex.dart,6,192,192,0,0,0,0,0,6,192,192,0
LayerHandle,package:flutter/src/rendering/layer.dart,4768,152576,152576,0,0,0,0,0,4768,152576,152576,0
PictureLayer,package:flutter/src/rendering/layer.dart,7,1120,1120,0,0,0,0,0,7,1120,1120,0
OffsetLayer,package:flutter/src/rendering/layer.dart,4,576,576,0,0,0,0,0,4,576,576,0
TransformLayer,package:flutter/src/rendering/layer.dart,1,176,176,0,0,0,0,0,1,176,176,0
AnnotatedRegionLayer,package:flutter/src/rendering/layer.dart,2,352,352,0,0,0,0,0,2,352,352,0
MouseTracker,package:flutter/src/rendering/mouse_tracker.dart,1,80,80,0,0,0,0,0,1,80,80,0
PipelineOwner,package:flutter/src/rendering/object.dart,1,144,144,0,0,0,0,0,1,144,144,0
SemanticsTag,package:flutter/src/semantics/semantics.dart,1,16,16,0,0,0,0,0,1,16,16,0
RenderParagraph,package:flutter/src/rendering/paragraph.dart,1145,458000,458000,0,0,0,0,0,1145,458000,458000,0
PerformanceOverlayOption,package:flutter/src/rendering/performance_overlay.dart,5,160,160,0,0,0,0,0,5,160,160,0
PlatformViewHitTestBehavior,package:flutter/src/rendering/platform_view.dart,4,128,128,0,0,0,0,0,4,128,128,0
_PlatformViewState,package:flutter/src/rendering/platform_view.dart,4,128,128,0,0,0,0,0,4,128,128,0
HitTestBehavior,package:flutter/src/rendering/proxy_box.dart,4,128,128,0,0,0,0,0,4,128,128,0
RenderLimitedBox,package:flutter/src/rendering/proxy_box.dart,1,272,272,0,0,0,0,0,1,272,272,0
ShapeBorderClipper,package:flutter/src/rendering/proxy_box.dart,2,96,96,0,0,0,0,0,2,96,96,0
RenderClipRect,package:flutter/src/rendering/proxy_box.dart,3,912,912,0,0,0,0,0,3,912,912,0
RenderPhysicalModel,package:flutter/src/rendering/proxy_box.dart,4,1408,1408,0,0,0,0,0,4,1408,1408,0
RenderPhysicalShape,package:flutter/src/rendering/proxy_box.dart,2,672,672,0,0,0,0,0,2,672,672,0
DecorationPosition,package:flutter/src/rendering/proxy_box.dart,3,96,96,0,0,0,0,0,3,96,96,0
RenderDecoratedBox,package:flutter/src/rendering/proxy_box.dart,3,864,864,0,0,0,0,0,3,864,864,0
RenderTransform,package:flutter/src/rendering/proxy_box.dart,4,1216,1216,0,0,0,0,0,4,1216,1216,0
RenderFittedBox,package:flutter/src/rendering/proxy_box.dart,3,960,960,0,0,0,0,0,3,960,960,0
RenderFractionalTranslation,package:flutter/src/rendering/proxy_box.dart,4,1088,1088,0,0,0,0,0,4,1088,1088,0
RenderPointerListener,package:flutter/src/rendering/proxy_box.dart,13,4368,4368,0,0,0,0,0,13,4368,4368,0
RenderMouseRegion,package:flutter/src/rendering/proxy_box.dart,6,1920,1920,0,0,0,0,0,6,1920,1920,0
RenderRepaintBoundary,package:flutter/src/rendering/proxy_box.dart,4,1088,1088,0,0,0,0,0,4,1088,1088,0
RenderIgnorePointer,package:flutter/src/rendering/proxy_box.dart,3,816,816,0,0,0,0,0,3,816,816,0
RenderOffstage,package:flutter/src/rendering/proxy_box.dart,2,544,544,0,0,0,0,0,2,544,544,0
RenderAbsorbPointer,package:flutter/src/rendering/proxy_box.dart,1,272,272,0,0,0,0,0,1,272,272,0
RenderSemanticsGestureHandler,package:flutter/src/rendering/proxy_box.dart,2,640,640,0,0,0,0,0,2,640,640,0
RenderSemanticsAnnotations,package:flutter/src/rendering/proxy_box.dart,40,13440,13440,0,0,0,0,0,40,13440,13440,0
RenderBlockSemantics,package:flutter/src/rendering/proxy_box.dart,1,272,272,0,0,0,0,0,1,272,272,0
RenderExcludeSemantics,package:flutter/src/rendering/proxy_box.dart,6,1632,1632,0,0,0,0,0,6,1632,1632,0
RenderAnnotatedRegion,package:flutter/src/rendering/proxy_box.dart,2,576,576,0,0,0,0,0,2,576,576,0
SelectionResult,package:flutter/src/rendering/selection.dart,6,192,192,0,0,0,0,0,6,192,192,0
SelectionEventType,package:flutter/src/rendering/selection.dart,8,256,256,0,0,0,0,0,8,256,256,0
TextGranularity,package:flutter/src/rendering/selection.dart,5,160,160,0,0,0,0,0,5,160,160,0
SelectionExtendDirection,package:flutter/src/rendering/selection.dart,5,160,160,0,0,0,0,0,5,160,160,0
SelectionStatus,package:flutter/src/rendering/selection.dart,4,128,128,0,0,0,0,0,4,128,128,0
TextSelectionHandleType,package:flutter/src/rendering/selection.dart,4,128,128,0,0,0,0,0,4,128,128,0
RenderingServiceExtensions,package:flutter/src/rendering/service_extensions.dart,14,448,448,0,0,0,0,0,14,448,448,0
RenderPadding,package:flutter/src/rendering/shifted_box.dart,13,3744,3744,0,0,0,0,0,13,3744,3744,0
RenderPositionedBox,package:flutter/src/rendering/shifted_box.dart,1148,348992,348992,0,0,0,0,0,1148,348992,348992,0
RenderCustomSingleChildLayoutBox,package:flutter/src/rendering/shifted_box.dart,2,544,544,0,0,0,0,0,2,544,544,0
GrowthDirection,package:flutter/src/rendering/sliver.dart,3,96,96,0,0,0,0,0,3,96,96,0
SliverGeometry,package:flutter/src/rendering/sliver.dart,1,96,96,0,0,0,0,0,1,96,96,0
StackParentData,package:flutter/src/rendering/stack.dart,1147,110112,110112,0,0,0,0,0,1147,110112,110112,0
StackFit,package:flutter/src/rendering/stack.dart,4,128,128,0,0,0,0,0,4,128,128,0
RenderStack,package:flutter/src/rendering/stack.dart,5,1680,1680,0,0,0,0,0,5,1680,1680,0
RenderIndexedStack,package:flutter/src/rendering/stack.dart,1,336,336,0,0,0,0,0,1,336,336,0
TableCellVerticalAlignment,package:flutter/src/rendering/table.dart,6,192,192,0,0,0,0,0,6,192,192,0
ViewConfiguration,package:flutter/src/rendering/view.dart,1,32,32,0,0,0,0,0,1,32,32,0
RenderView,package:flutter/src/rendering/view.dart,1,256,256,0,0,0,0,0,1,256,256,0
CacheExtentStyle,package:flutter/src/rendering/viewport.dart,3,96,96,0,0,0,0,0,3,96,96,0
ScrollDirection,package:flutter/src/rendering/viewport_offset.dart,4,128,128,0,0,0,0,0,4,128,128,0
WrapAlignment,package:flutter/src/rendering/wrap.dart,7,224,224,0,0,0,0,0,7,224,224,0
WrapCrossAlignment,package:flutter/src/rendering/wrap.dart,4,128,128,0,0,0,0,0,4,128,128,0
SchedulerPhase,package:flutter/src/scheduler/binding.dart,6,192,192,0,0,0,0,0,6,192,192,0
SchedulerServiceExtensions,package:flutter/src/scheduler/service_extensions.dart,2,64,64,0,0,0,0,0,2,64,64,0
Ticker,package:flutter/src/scheduler/ticker.dart,13,832,832,0,0,0,0,0,13,832,832,0
TickerCanceled,package:flutter/src/scheduler/ticker.dart,1,16,16,0,0,0,0,0,1,16,16,0
AttributedString,package:flutter/src/semantics/semantics.dart,1142,36544,36544,0,0,0,0,0,1142,36544,36544,0
SemanticsProperties,package:flutter/src/semantics/semantics.dart,41,20336,20336,0,0,0,0,0,41,20336,20336,0
DebugSemanticsDumpOrder,package:flutter/src/semantics/semantics.dart,3,96,96,0,0,0,0,0,3,96,96,0
OrdinalSortKey,package:flutter/src/semantics/semantics.dart,2,64,64,0,0,0,0,0,2,64,64,0
Assertiveness,package:flutter/src/semantics/semantics_event.dart,3,96,96,0,0,0,0,0,3,96,96,0
TapSemanticEvent,package:flutter/src/semantics/semantics_event.dart,1,16,16,0,0,0,0,0,1,16,16,0
PlatformAssetBundle,package:flutter/src/services/asset_bundle.dart,1,32,32,0,0,0,0,0,1,32,32,0
_DefaultBinaryMessenger,package:flutter/src/services/binding.dart,1,16,16,0,0,0,0,0,1,16,16,0
HardwareKeyboard,package:flutter/src/services/hardware_keyboard.dart,1,48,48,0,0,0,0,0,1,48,48,0
KeyDataTransitMode,package:flutter/src/services/hardware_keyboard.dart,3,96,96,0,0,0,0,0,3,96,96,0
KeyEventManager,package:flutter/src/services/hardware_keyboard.dart,1,64,64,0,0,0,0,0,1,64,64,0
LogicalKeyboardKey,package:flutter/src/services/keyboard_key.g.dart,39,624,624,0,0,0,0,0,39,624,624,0
StringCodec,package:flutter/src/services/message_codecs.dart,1,16,16,0,0,0,0,0,1,16,16,0
JSONMessageCodec,package:flutter/src/services/message_codecs.dart,1,16,16,0,0,0,0,0,1,16,16,0
JSONMethodCodec,package:flutter/src/services/message_codecs.dart,1,16,16,0,0,0,0,0,1,16,16,0
StandardMethodCodec,package:flutter/src/services/message_codecs.dart,1,16,16,0,0,0,0,0,1,16,16,0
MouseCursorManager,package:flutter/src/services/mouse_cursor.dart,1,32,32,0,0,0,0,0,1,32,32,0
_DeferringMouseCursor,package:flutter/src/services/mouse_cursor.dart,1,16,16,0,0,0,0,0,1,16,16,0
SystemMouseCursor,package:flutter/src/services/mouse_cursor.dart,3,48,48,0,0,0,0,0,3,48,48,0
BasicMessageChannel,package:flutter/src/services/platform_channel.dart,3,144,144,0,0,0,0,0,3,144,144,0
OptionalMethodChannel,package:flutter/src/services/platform_channel.dart,6,192,192,0,0,0,0,0,6,192,192,0
_AndroidViewState,package:flutter/src/services/platform_views.dart,5,160,160,0,0,0,0,0,5,160,160,0
KeyboardSide,package:flutter/src/services/raw_keyboard.dart,5,160,160,0,0,0,0,0,5,160,160,0
ModifierKey,package:flutter/src/services/raw_keyboard.dart,10,320,320,0,0,0,0,0,10,320,320,0
RawKeyboard,package:flutter/src/services/raw_keyboard.dart,1,48,48,0,0,0,0,0,1,48,48,0
RestorationManager,package:flutter/src/services/restoration.dart,1,112,112,0,0,0,0,0,1,112,112,0
ServicesServiceExtensions,package:flutter/src/services/service_extensions.dart,2,64,64,0,0,0,0,0,2,64,64,0
DeviceOrientation,package:flutter/src/services/system_chrome.dart,5,160,160,0,0,0,0,0,5,160,160,0
SystemUiOverlay,package:flutter/src/services/system_chrome.dart,3,96,96,0,0,0,0,0,3,96,96,0
SystemUiMode,package:flutter/src/services/system_chrome.dart,6,192,192,0,0,0,0,0,6,192,192,0
SystemUiOverlayStyle,package:flutter/src/services/system_chrome.dart,7,560,560,0,0,0,0,0,7,560,560,0
SystemSoundType,package:flutter/src/services/system_sound.dart,3,96,96,0,0,0,0,0,3,96,96,0
MaxLengthEnforcement,package:flutter/src/services/text_formatter.dart,4,128,128,0,0,0,0,0,4,128,128,0
SmartDashesType,package:flutter/src/services/text_input.dart,3,96,96,0,0,0,0,0,3,96,96,0
SmartQuotesType,package:flutter/src/services/text_input.dart,3,96,96,0,0,0,0,0,3,96,96,0
TextInputAction,package:flutter/src/services/text_input.dart,14,448,448,0,0,0,0,0,14,448,448,0
TextCapitalization,package:flutter/src/services/text_input.dart,5,160,160,0,0,0,0,0,5,160,160,0
FloatingCursorDragState,package:flutter/src/services/text_input.dart,4,128,128,0,0,0,0,0,4,128,128,0
SelectionChangedCause,package:flutter/src/services/text_input.dart,9,288,288,0,0,0,0,0,9,288,288,0
TextInput,package:flutter/src/services/text_input.dart,1,80,80,0,0,0,0,0,1,80,80,0
_PlatformTextInputControl,package:flutter/src/services/text_input.dart,1,16,16,0,0,0,0,0,1,16,16,0
CallbackAction,package:flutter/src/widgets/actions.dart,12,576,576,0,0,0,0,0,12,576,576,0
Actions,package:flutter/src/widgets/actions.dart,11,528,528,0,0,0,0,0,11,528,528,0
_ActionsState,package:flutter/src/widgets/actions.dart,11,704,704,0,0,0,0,0,11,704,704,0
_ActionsMarker,package:flutter/src/widgets/actions.dart,11,704,704,0,0,0,0,0,11,704,704,0
VoidCallbackAction,package:flutter/src/widgets/actions.dart,1,32,32,0,0,0,0,0,1,32,32,0
DoNothingAction,package:flutter/src/widgets/actions.dart,2,96,96,0,0,0,0,0,2,96,96,0
ActivateIntent,package:flutter/src/widgets/actions.dart,1,16,16,0,0,0,0,0,1,16,16,0
ButtonActivateIntent,package:flutter/src/widgets/actions.dart,1,16,16,0,0,0,0,0,1,16,16,0
DismissIntent,package:flutter/src/widgets/actions.dart,1,16,16,0,0,0,0,0,1,16,16,0
PrioritizedIntents,package:flutter/src/widgets/actions.dart,1,16,16,0,0,0,0,0,1,16,16,0
PrioritizedAction,package:flutter/src/widgets/actions.dart,1,48,48,0,0,0,0,0,1,48,48,0
_OverridableAction,package:flutter/src/widgets/actions.dart,1,80,80,0,0,0,0,0,1,80,80,0
CrossFadeState,package:flutter/src/widgets/animated_cross_fade.dart,3,96,96,0,0,0,0,0,3,96,96,0
AnnotatedRegion,package:flutter/src/widgets/annotated_region.dart,2,128,128,0,0,0,0,0,2,128,128,0
WidgetsApp,package:flutter/src/widgets/app.dart,1,304,304,0,0,0,0,0,1,304,304,0
_WidgetsAppState,package:flutter/src/widgets/app.dart,1,80,80,0,0,0,0,0,1,80,80,0
ConnectionState,package:flutter/src/widgets/async.dart,5,160,160,0,0,0,0,0,5,160,160,0
AutofillContextAction,package:flutter/src/widgets/autofill.dart,3,96,96,0,0,0,0,0,3,96,96,0
_NullWidget,package:flutter/src/widgets/automatic_keep_alive.dart,1,32,32,0,0,0,0,0,1,32,32,0
BannerLocation,package:flutter/src/widgets/banner.dart,5,160,160,0,0,0,0,0,5,160,160,0
BannerPainter,package:flutter/src/widgets/banner.dart,1,96,96,0,0,0,0,0,1,96,96,0
Banner,package:flutter/src/widgets/banner.dart,1,80,80,0,0,0,0,0,1,80,80,0
CheckedModeBanner,package:flutter/src/widgets/banner.dart,1,32,32,0,0,0,0,0,1,32,32,0
_UbiquitousInheritedElement,package:flutter/src/widgets/basic.dart,1,160,160,0,0,0,0,0,1,160,160,0
InheritedElement,package:flutter/src/widgets/framework.dart,81,12960,12960,0,0,0,0,0,81,12960,12960,0
Directionality,package:flutter/src/widgets/basic.dart,1,48,48,0,0,0,0,0,1,48,48,0
CustomPaint,package:flutter/src/widgets/basic.dart,4,320,320,0,0,0,0,0,4,320,320,0
ClipRect,package:flutter/src/widgets/basic.dart,3,144,144,0,0,0,0,0,3,144,144,0
PhysicalModel,package:flutter/src/widgets/basic.dart,4,320,320,0,0,0,0,0,4,320,320,0
PhysicalShape,package:flutter/src/widgets/basic.dart,2,160,160,0,0,0,0,0,2,160,160,0
Transform,package:flutter/src/widgets/basic.dart,4,320,320,0,0,0,0,0,4,320,320,0
FittedBox,package:flutter/src/widgets/basic.dart,8,512,512,0,0,0,0,0,8,512,512,0
FractionalTranslation,package:flutter/src/widgets/basic.dart,4,192,192,0,0,0,0,0,4,192,192,0
Padding,package:flutter/src/widgets/basic.dart,22,1056,1056,0,0,0,0,0,22,1056,1056,0
Align,package:flutter/src/widgets/basic.dart,1146,73344,73344,0,0,0,0,0,1146,73344,73344,0
Center,package:flutter/src/widgets/basic.dart,7,448,448,0,0,0,0,0,7,448,448,0
CustomSingleChildLayout,package:flutter/src/widgets/basic.dart,2,96,96,0,0,0,0,0,2,96,96,0
LayoutId,package:flutter/src/widgets/basic.dart,15,720,720,0,0,0,0,0,15,720,720,0
CustomMultiChildLayout,package:flutter/src/widgets/basic.dart,4,192,192,0,0,0,0,0,4,192,192,0
SizedBox,package:flutter/src/widgets/basic.dart,1157,55536,55536,0,0,0,0,0,1157,55536,55536,0
ConstrainedBox,package:flutter/src/widgets/basic.dart,1149,55152,55152,0,0,0,0,0,1149,55152,55152,0
LimitedBox,package:flutter/src/widgets/basic.dart,1,48,48,0,0,0,0,0,1,48,48,0
Offstage,package:flutter/src/widgets/basic.dart,2,96,96,0,0,0,0,0,2,96,96,0
_OffstageElement,package:flutter/src/widgets/basic.dart,2,320,320,0,0,0,0,0,2,320,320,0
SingleChildRenderObjectElement,package:flutter/src/widgets/framework.dart,3576,572160,572160,0,0,0,0,0,3576,572160,572160,0
Stack,package:flutter/src/widgets/basic.dart,6,384,384,0,0,0,0,0,6,384,384,0
IndexedStack,package:flutter/src/widgets/basic.dart,2,160,160,0,0,0,0,0,2,160,160,0
Positioned,package:flutter/src/widgets/basic.dart,4,384,384,0,0,0,0,0,4,384,384,0
PositionedDirectional,package:flutter/src/widgets/basic.dart,2,160,160,0,0,0,0,0,2,160,160,0
Row,package:flutter/src/widgets/basic.dart,10,960,960,0,0,0,0,0,10,960,960,0
Column,package:flutter/src/widgets/basic.dart,2,192,192,0,0,0,0,0,2,192,192,0
Expanded,package:flutter/src/widgets/basic.dart,5,320,320,0,0,0,0,0,5,320,320,0
RichText,package:flutter/src/widgets/basic.dart,1145,164880,164880,0,0,0,0,0,1145,164880,164880,0
Listener,package:flutter/src/widgets/basic.dart,13,1456,1456,0,0,0,0,0,13,1456,1456,0
MouseRegion,package:flutter/src/widgets/basic.dart,6,480,480,0,0,0,0,0,6,480,480,0
RepaintBoundary,package:flutter/src/widgets/basic.dart,4,128,128,0,0,0,0,0,4,128,128,0
IgnorePointer,package:flutter/src/widgets/basic.dart,3,144,144,0,0,0,0,0,3,144,144,0
AbsorbPointer,package:flutter/src/widgets/basic.dart,1,48,48,0,0,0,0,0,1,48,48,0
Semantics,package:flutter/src/widgets/basic.dart,41,2624,2624,0,0,0,0,0,41,2624,2624,0
BlockSemantics,package:flutter/src/widgets/basic.dart,1,48,48,0,0,0,0,0,1,48,48,0
ExcludeSemantics,package:flutter/src/widgets/basic.dart,6,288,288,0,0,0,0,0,6,288,288,0
KeyedSubtree,package:flutter/src/widgets/basic.dart,3,96,96,0,0,0,0,0,3,96,96,0
Builder,package:flutter/src/widgets/basic.dart,15,480,480,0,0,0,0,0,15,480,480,0
ColoredBox,package:flutter/src/widgets/basic.dart,1,48,48,0,0,0,0,0,1,48,48,0
_RenderColoredBox,package:flutter/src/widgets/basic.dart,1,272,272,0,0,0,0,0,1,272,272,0
RenderObjectToWidgetAdapter,package:flutter/src/widgets/binding.dart,1,64,64,0,0,0,0,0,1,64,64,0
RenderObjectToWidgetElement,package:flutter/src/widgets/binding.dart,1,176,176,0,0,0,0,0,1,176,176,0
WidgetsFlutterBinding,package:flutter/src/widgets/binding.dart,1,480,480,0,0,0,0,0,1,480,480,0
DecoratedBox,package:flutter/src/widgets/container.dart,3,144,144,0,0,0,0,0,3,144,144,0
Container,package:flutter/src/widgets/container.dart,1141,127792,127792,0,0,0,0,0,1141,127792,127792,0
ContextMenuButtonType,package:flutter/src/widgets/context_menu_button_item.dart,6,192,192,0,0,0,0,0,6,192,192,0
DefaultSelectionStyle,package:flutter/src/widgets/default_selection_style.dart,3,144,144,0,0,0,0,0,3,144,144,0
_NullWidget,package:flutter/src/widgets/default_selection_style.dart,1,32,32,0,0,0,0,0,1,32,32,0
DefaultTextEditingShortcuts,package:flutter/src/widgets/default_text_editing_shortcuts.dart,1,32,32,0,0,0,0,0,1,32,32,0
DismissDirection,package:flutter/src/widgets/dismissible.dart,8,256,256,0,0,0,0,0,8,256,256,0
_FlingGestureKind,package:flutter/src/widgets/dismissible.dart,4,128,128,0,0,0,0,0,4,128,128,0
_DragEndKind,package:flutter/src/widgets/drag_target.dart,3,96,96,0,0,0,0,0,3,96,96,0
ExtendSelectionToNextWordBoundaryOrCaretLocationIntent,package:flutter/src/widgets/text_editing_intents.dart,2,32,32,0,0,0,0,0,2,32,32,0
SelectAllTextIntent,package:flutter/src/widgets/text_editing_intents.dart,1,16,16,0,0,0,0,0,1,16,16,0
CopySelectionTextIntent,package:flutter/src/widgets/text_editing_intents.dart,2,64,64,0,0,0,0,0,2,64,64,0
KeyEventResult,package:flutter/src/widgets/focus_manager.dart,4,128,128,0,0,0,0,0,4,128,128,0
FocusAttachment,package:flutter/src/widgets/focus_manager.dart,16,256,256,0,0,0,0,0,16,256,256,0
UnfocusDisposition,package:flutter/src/widgets/focus_manager.dart,3,96,96,0,0,0,0,0,3,96,96,0
FocusNode,package:flutter/src/widgets/focus_manager.dart,13,2496,2496,0,0,0,0,0,13,2496,2496,0
FocusScopeNode,package:flutter/src/widgets/focus_manager.dart,4,768,768,0,0,0,0,0,4,768,768,0
FocusHighlightMode,package:flutter/src/widgets/focus_manager.dart,3,96,96,0,0,0,0,0,3,96,96,0
FocusHighlightStrategy,package:flutter/src/widgets/focus_manager.dart,4,128,128,0,0,0,0,0,4,128,128,0
FocusManager,package:flutter/src/widgets/focus_manager.dart,1,144,144,0,0,0,0,0,1,144,144,0
Focus,package:flutter/src/widgets/focus_scope.dart,13,1664,1664,0,0,0,0,0,13,1664,1664,0
_FocusState,package:flutter/src/widgets/focus_scope.dart,13,1248,1248,0,0,0,0,0,13,1248,1248,0
FocusScope,package:flutter/src/widgets/focus_scope.dart,3,384,384,0,0,0,0,0,3,384,384,0
_FocusScopeState,package:flutter/src/widgets/focus_scope.dart,3,288,288,0,0,0,0,0,3,288,288,0
_FocusMarker,package:flutter/src/widgets/focus_scope.dart,16,768,768,0,0,0,0,0,16,768,768,0
TraversalDirection,package:flutter/src/widgets/focus_traversal.dart,5,160,160,0,0,0,0,0,5,160,160,0
ReadingOrderTraversalPolicy,package:flutter/src/widgets/focus_traversal.dart,1,16,16,0,0,0,0,0,1,16,16,0
FocusTraversalGroup,package:flutter/src/widgets/focus_traversal.dart,2,128,128,0,0,0,0,0,2,128,128,0
_FocusTraversalGroupState,package:flutter/src/widgets/focus_traversal.dart,2,96,96,0,0,0,0,0,2,96,96,0
_FocusTraversalGroupMarker,package:flutter/src/widgets/focus_traversal.dart,2,96,96,0,0,0,0,0,2,96,96,0
RequestFocusAction,package:flutter/src/widgets/focus_traversal.dart,1,32,32,0,0,0,0,0,1,32,32,0
NextFocusIntent,package:flutter/src/widgets/focus_traversal.dart,1,16,16,0,0,0,0,0,1,16,16,0
NextFocusAction,package:flutter/src/widgets/focus_traversal.dart,1,32,32,0,0,0,0,0,1,32,32,0
PreviousFocusIntent,package:flutter/src/widgets/focus_traversal.dart,1,16,16,0,0,0,0,0,1,16,16,0
PreviousFocusAction,package:flutter/src/widgets/focus_traversal.dart,1,32,32,0,0,0,0,0,1,32,32,0
DirectionalFocusIntent,package:flutter/src/widgets/focus_traversal.dart,4,128,128,0,0,0,0,0,4,128,128,0
LabeledGlobalKey,package:flutter/src/widgets/framework.dart,30,960,960,0,0,0,0,0,30,960,960,0
_StateLifecycle,package:flutter/src/widgets/framework.dart,5,160,160,0,0,0,0,0,5,160,160,0
_ElementLifecycle,package:flutter/src/widgets/framework.dart,5,160,160,0,0,0,0,0,5,160,160,0
_InactiveElements,package:flutter/src/widgets/framework.dart,1,32,32,0,0,0,0,0,1,32,32,0
BuildOwner,package:flutter/src/widgets/framework.dart,1,112,112,0,0,0,0,0,1,112,112,0
_NotificationNode,package:flutter/src/widgets/framework.dart,10,320,320,0,0,0,0,0,10,320,320,0
StatelessElement,package:flutter/src/widgets/framework.dart,3473,500112,500112,0,0,0,0,0,3473,500112,500112,0
StatefulElement,package:flutter/src/widgets/framework.dart,121,19360,19360,0,0,0,0,0,121,19360,19360,0
ParentDataElement,package:flutter/src/widgets/framework.dart,17,2720,2720,0,0,0,0,0,17,2720,2720,0
DebugCreator,package:flutter/src/widgets/framework.dart,4741,75856,75856,0,0,0,0,0,4741,75856,75856,0
IndexedSlot,package:flutter/src/widgets/framework.dart,1175,37600,37600,0,0,0,0,0,1175,37600,37600,0
_NullElement,package:flutter/src/widgets/framework.dart,1,128,128,0,0,0,0,0,1,128,128,0
_NullWidget,package:flutter/src/widgets/framework.dart,1,32,32,0,0,0,0,0,1,32,32,0
GestureRecognizerFactoryWithHandlers,package:flutter/src/widgets/gesture_detector.dart,8,256,256,0,0,0,0,0,8,256,256,0
GestureDetector,package:flutter/src/widgets/gesture_detector.dart,17,8976,8976,0,0,0,0,0,17,8976,8976,0
RawGestureDetector,package:flutter/src/widgets/gesture_detector.dart,9,576,576,0,0,0,0,0,9,576,576,0
RawGestureDetectorState,package:flutter/src/widgets/gesture_detector.dart,9,576,576,0,0,0,0,0,9,576,576,0
_GestureSemantics,package:flutter/src/widgets/gesture_detector.dart,2,96,96,0,0,0,0,0,2,96,96,0
_DefaultSemanticsGestureDelegate,package:flutter/src/widgets/gesture_detector.dart,8,128,128,0,0,0,0,0,8,128,128,0
HeroFlightDirection,package:flutter/src/widgets/heroes.dart,3,96,96,0,0,0,0,0,3,96,96,0
HeroController,package:flutter/src/widgets/heroes.dart,1,32,32,0,0,0,0,0,1,32,32,0
Icon,package:flutter/src/widgets/icon.dart,7,784,784,0,0,0,0,0,7,784,784,0
IconData,package:flutter/src/widgets/icon_data.dart,6,288,288,0,0,0,0,0,6,288,288,0
IconTheme,package:flutter/src/widgets/icon_theme.dart,10,480,480,0,0,0,0,0,10,480,480,0
DecorationTween,package:flutter/src/widgets/implicit_animations.dart,1,32,32,0,0,0,0,0,1,32,32,0
BorderRadiusTween,package:flutter/src/widgets/implicit_animations.dart,4,128,128,0,0,0,0,0,4,128,128,0
TextStyleTween,package:flutter/src/widgets/implicit_animations.dart,6,192,192,0,0,0,0,0,6,192,192,0
AnimatedDefaultTextStyle,package:flutter/src/widgets/implicit_animations.dart,6,672,672,0,0,0,0,0,6,672,672,0
_AnimatedDefaultTextStyleState,package:flutter/src/widgets/implicit_animations.dart,6,480,480,0,0,0,0,0,6,480,480,0
AnimatedPhysicalModel,package:flutter/src/widgets/implicit_animations.dart,4,512,512,0,0,0,0,0,4,512,512,0
_AnimatedPhysicalModelState,package:flutter/src/widgets/implicit_animations.dart,4,448,448,0,0,0,0,0,4,448,448,0
InheritedModelElement,package:flutter/src/widgets/inherited_model.dart,1,160,160,0,0,0,0,0,1,160,160,0
_InheritedNotifierElement,package:flutter/src/widgets/inherited_notifier.dart,16,2816,2816,0,0,0,0,0,16,2816,2816,0
CapturedThemes,package:flutter/src/widgets/inherited_theme.dart,1,16,16,0,0,0,0,0,1,16,16,0
_GestureType,package:flutter/src/widgets/interactive_viewer.dart,4,128,128,0,0,0,0,0,4,128,128,0
PanAxis,package:flutter/src/widgets/interactive_viewer.dart,5,160,160,0,0,0,0,0,5,160,160,0
_WidgetsLocalizationsDelegate,package:flutter/src/widgets/localizations.dart,1,16,16,0,0,0,0,0,1,16,16,0
DefaultWidgetsLocalizations,package:flutter/src/widgets/localizations.dart,1,16,16,0,0,0,0,0,1,16,16,0
_LocalizationsScope,package:flutter/src/widgets/localizations.dart,1,64,64,0,0,0,0,0,1,64,64,0
Localizations,package:flutter/src/widgets/localizations.dart,1,48,48,0,0,0,0,0,1,48,48,0
_LocalizationsState,package:flutter/src/widgets/localizations.dart,1,64,64,0,0,0,0,0,1,64,64,0
Orientation,package:flutter/src/widgets/media_query.dart,3,96,96,0,0,0,0,0,3,96,96,0
MediaQueryData,package:flutter/src/widgets/media_query.dart,18,2592,2592,0,0,0,0,0,18,2592,2592,0
MediaQuery,package:flutter/src/widgets/media_query.dart,18,864,864,0,0,0,0,0,18,864,864,0
NavigationMode,package:flutter/src/widgets/media_query.dart,3,96,96,0,0,0,0,0,3,96,96,0
_MediaQueryFromWindow,package:flutter/src/widgets/media_query.dart,1,32,32,0,0,0,0,0,1,32,32,0
_MediaQueryFromWindowState,package:flutter/src/widgets/media_query.dart,1,48,48,0,0,0,0,0,1,48,48,0
ModalBarrier,package:flutter/src/widgets/modal_barrier.dart,1,64,64,0,0,0,0,0,1,64,64,0
_AnyTapGestureRecognizer,package:flutter/src/widgets/modal_barrier.dart,1,176,176,0,0,0,0,0,1,176,176,0
_ModalBarrierSemanticsDelegate,package:flutter/src/widgets/modal_barrier.dart,1,16,16,0,0,0,0,0,1,16,16,0
_AnyTapGestureRecognizerFactory,package:flutter/src/widgets/modal_barrier.dart,1,32,32,0,0,0,0,0,1,32,32,0
_ModalBarrierGestureDetector,package:flutter/src/widgets/modal_barrier.dart,1,48,48,0,0,0,0,0,1,48,48,0
NavigationToolbar,package:flutter/src/widgets/navigation_toolbar.dart,2,128,128,0,0,0,0,0,2,128,128,0
_ToolbarSlot,package:flutter/src/widgets/navigation_toolbar.dart,4,128,128,0,0,0,0,0,4,128,128,0
_ToolbarLayout,package:flutter/src/widgets/navigation_toolbar.dart,2,128,128,0,0,0,0,0,2,128,128,0
RoutePopDisposition,package:flutter/src/widgets/navigator.dart,4,128,128,0,0,0,0,0,4,128,128,0
RouteSettings,package:flutter/src/widgets/navigator.dart,2,64,64,0,0,0,0,0,2,64,64,0
HeroControllerScope,package:flutter/src/widgets/navigator.dart,2,96,96,0,0,0,0,0,2,96,96,0
DefaultTransitionDelegate,package:flutter/src/widgets/navigator.dart,1,16,16,0,0,0,0,0,1,16,16,0
Navigator,package:flutter/src/widgets/navigator.dart,1,128,128,0,0,0,0,0,1,128,128,0
_RouteLifecycle,package:flutter/src/widgets/navigator.dart,16,512,512,0,0,0,0,0,16,512,512,0
_NotAnnounced,package:flutter/src/widgets/navigator.dart,1,48,48,0,0,0,0,0,1,48,48,0
_RouteEntry,package:flutter/src/widgets/navigator.dart,2,192,192,0,0,0,0,0,2,192,192,0
NavigatorState,package:flutter/src/widgets/navigator.dart,1,224,224,0,0,0,0,0,1,224,224,0
_RouteRestorationType,package:flutter/src/widgets/navigator.dart,3,96,96,0,0,0,0,0,3,96,96,0
_NamedRestorationInformation,package:flutter/src/widgets/navigator.dart,1,48,48,0,0,0,0,0,1,48,48,0
_HistoryProperty,package:flutter/src/widgets/navigator.dart,1,96,96,0,0,0,0,0,1,96,96,0
_NestedBallisticScrollActivityMode,package:flutter/src/widgets/nested_scroll_view.dart,4,128,128,0,0,0,0,0,4,128,128,0
NotificationListener,package:flutter/src/widgets/notification_listener.dart,10,480,480,0,0,0,0,0,10,480,480,0
_NotificationElement,package:flutter/src/widgets/notification_listener.dart,10,1600,1600,0,0,0,0,0,10,1600,1600,0
OverflowBarAlignment,package:flutter/src/widgets/overflow_bar.dart,4,128,128,0,0,0,0,0,4,128,128,0
OverlayEntry,package:flutter/src/widgets/overlay.dart,6,384,384,0,0,0,0,0,6,384,384,0
_OverlayEntryWidget,package:flutter/src/widgets/overlay.dart,3,144,144,0,0,0,0,0,3,144,144,0
_OverlayEntryWidgetState,package:flutter/src/widgets/overlay.dart,3,144,144,0,0,0,0,0,3,144,144,0
Overlay,package:flutter/src/widgets/overlay.dart,1,48,48,0,0,0,0,0,1,48,48,0
OverlayState,package:flutter/src/widgets/overlay.dart,1,64,64,0,0,0,0,0,1,64,64,0
_Theatre,package:flutter/src/widgets/overlay.dart,1,48,48,0,0,0,0,0,1,48,48,0
_TheatreElement,package:flutter/src/widgets/overlay.dart,1,176,176,0,0,0,0,0,1,176,176,0
_RenderTheatre,package:flutter/src/widgets/overlay.dart,1,320,320,0,0,0,0,0,1,320,320,0
_GlowState,package:flutter/src/widgets/overscroll_indicator.dart,5,160,160,0,0,0,0,0,5,160,160,0
_StretchState,package:flutter/src/widgets/overscroll_indicator.dart,5,160,160,0,0,0,0,0,5,160,160,0
PageStorageBucket,package:flutter/src/widgets/page_storage.dart,4,64,64,0,0,0,0,0,4,64,64,0
PageStorage,package:flutter/src/widgets/page_storage.dart,2,96,96,0,0,0,0,0,2,96,96,0
DefaultPlatformMenuDelegate,package:flutter/src/widgets/platform_menu_bar.dart,1,48,48,0,0,0,0,0,1,48,48,0
PlatformProvidedMenuItemType,package:flutter/src/widgets/platform_menu_bar.dart,13,416,416,0,0,0,0,0,13,416,416,0
PrimaryScrollController,package:flutter/src/widgets/primary_scroll_controller.dart,2,128,128,0,0,0,0,0,2,128,128,0
RestorationScope,package:flutter/src/widgets/restoration.dart,3,144,144,0,0,0,0,0,3,144,144,0
_RestorationScopeState,package:flutter/src/widgets/restoration.dart,3,240,240,0,0,0,0,0,3,240,240,0
UnmanagedRestorationScope,package:flutter/src/widgets/restoration.dart,5,240,240,0,0,0,0,0,5,240,240,0
RootRestorationScope,package:flutter/src/widgets/restoration.dart,1,48,48,0,0,0,0,0,1,48,48,0
_RootRestorationScopeState,package:flutter/src/widgets/restoration.dart,1,80,80,0,0,0,0,0,1,80,80,0
RestorableNum,package:flutter/src/widgets/restoration_properties.dart,1,112,112,0,0,0,0,0,1,112,112,0
RestorableBool,package:flutter/src/widgets/restoration_properties.dart,4,448,448,0,0,0,0,0,4,448,448,0
RouteInformationReportingType,package:flutter/src/widgets/router.dart,4,128,128,0,0,0,0,0,4,128,128,0
_DismissModalAction,package:flutter/src/widgets/routes.dart,2,96,96,0,0,0,0,0,2,96,96,0
_ModalScopeStatus,package:flutter/src/widgets/routes.dart,2,128,128,0,0,0,0,0,2,128,128,0
_ModalScope,package:flutter/src/widgets/routes.dart,3,144,144,0,0,0,0,0,3,144,144,0
_ModalScopeState,package:flutter/src/widgets/routes.dart,2,160,160,0,0,0,0,0,2,160,160,0
SafeArea,package:flutter/src/widgets/safe_area.dart,3,240,240,0,0,0,0,0,3,240,240,0
AndroidOverscrollIndicator,package:flutter/src/widgets/scroll_configuration.dart,3,96,96,0,0,0,0,0,3,96,96,0
ScrollConfiguration,package:flutter/src/widgets/scroll_configuration.dart,1,48,48,0,0,0,0,0,1,48,48,0
_ScrollNotificationObserverScope,package:flutter/src/widgets/scroll_notification_observer.dart,2,96,96,0,0,0,0,0,2,96,96,0
_ListenerEntry,package:flutter/src/widgets/scroll_notification_observer.dart,2,96,96,0,0,0,0,0,2,96,96,0
ScrollNotificationObserver,package:flutter/src/widgets/scroll_notification_observer.dart,2,64,64,0,0,0,0,0,2,64,64,0
ScrollNotificationObserverState,package:flutter/src/widgets/scroll_notification_observer.dart,2,96,96,0,0,0,0,0,2,96,96,0
ScrollDecelerationRate,package:flutter/src/widgets/scroll_physics.dart,3,96,96,0,0,0,0,0,3,96,96,0
ClampingScrollPhysics,package:flutter/src/widgets/scroll_physics.dart,1,16,16,0,0,0,0,0,1,16,16,0
AlwaysScrollableScrollPhysics,package:flutter/src/widgets/scroll_physics.dart,1,16,16,0,0,0,0,0,1,16,16,0
ScrollPositionAlignmentPolicy,package:flutter/src/widgets/scroll_position.dart,4,128,128,0,0,0,0,0,4,128,128,0
ScrollViewKeyboardDismissBehavior,package:flutter/src/widgets/scroll_view.dart,3,96,96,0,0,0,0,0,3,96,96,0
ScrollIncrementType,package:flutter/src/widgets/scrollable.dart,3,96,96,0,0,0,0,0,3,96,96,0
ScrollIntent,package:flutter/src/widgets/scrollable.dart,6,192,192,0,0,0,0,0,6,192,192,0
ScrollAction,package:flutter/src/widgets/scrollable.dart,2,64,64,0,0,0,0,0,2,64,64,0
ScrollbarOrientation,package:flutter/src/widgets/scrollbar.dart,5,160,160,0,0,0,0,0,5,160,160,0
WidgetsServiceExtensions,package:flutter/src/widgets/service_extensions.dart,9,288,288,0,0,0,0,0,9,288,288,0
WidgetInspectorServiceExtensions,package:flutter/src/widgets/service_extensions.dart,33,1056,1056,0,0,0,0,0,33,1056,1056,0
SharedAppData,package:flutter/src/widgets/shared_app_data.dart,1,32,32,0,0,0,0,0,1,32,32,0
_SharedAppDataState,package:flutter/src/widgets/shared_app_data.dart,1,48,48,0,0,0,0,0,1,48,48,0
_SharedAppModel,package:flutter/src/widgets/shared_app_data.dart,1,64,64,0,0,0,0,0,1,64,64,0
SingleActivator,package:flutter/src/widgets/shortcuts.dart,80,5120,5120,0,0,0,0,0,80,5120,5120,0
ShortcutManager,package:flutter/src/widgets/shortcuts.dart,4,320,320,0,0,0,0,0,4,320,320,0
Shortcuts,package:flutter/src/widgets/shortcuts.dart,4,256,256,0,0,0,0,0,4,256,256,0
_ShortcutsState,package:flutter/src/widgets/shortcuts.dart,4,192,192,0,0,0,0,0,4,192,192,0
ShortcutRegistry,package:flutter/src/widgets/shortcuts.dart,1,80,80,0,0,0,0,0,1,80,80,0
ShortcutRegistrar,package:flutter/src/widgets/shortcuts.dart,1,32,32,0,0,0,0,0,1,32,32,0
_ShortcutRegistrarState,package:flutter/src/widgets/shortcuts.dart,1,64,64,0,0,0,0,0,1,64,64,0
_ShortcutRegistrarMarker,package:flutter/src/widgets/shortcuts.dart,1,48,48,0,0,0,0,0,1,48,48,0
SnapshotMode,package:flutter/src/widgets/snapshot_widget.dart,4,128,128,0,0,0,0,0,4,128,128,0
TapRegionSurface,package:flutter/src/widgets/tap_region.dart,1,32,32,0,0,0,0,0,1,32,32,0
RenderTapRegionSurface,package:flutter/src/widgets/tap_region.dart,1,288,288,0,0,0,0,0,1,288,288,0
DefaultTextStyle,package:flutter/src/widgets/text.dart,15,1440,1440,0,0,0,0,0,15,1440,1440,0
_NullWidget,package:flutter/src/widgets/text.dart,1,32,32,0,0,0,0,0,1,32,32,0
Text,package:flutter/src/widgets/text.dart,1141,164304,164304,0,0,0,0,0,1141,164304,164304,0
DoNothingAndStopPropagationTextIntent,package:flutter/src/widgets/text_editing_intents.dart,1,16,16,0,0,0,0,0,1,16,16,0
DeleteCharacterIntent,package:flutter/src/widgets/text_editing_intents.dart,2,32,32,0,0,0,0,0,2,32,32,0
DeleteToNextWordBoundaryIntent,package:flutter/src/widgets/text_editing_intents.dart,2,32,32,0,0,0,0,0,2,32,32,0
DeleteToLineBreakIntent,package:flutter/src/widgets/text_editing_intents.dart,2,32,32,0,0,0,0,0,2,32,32,0
ExtendSelectionByCharacterIntent,package:flutter/src/widgets/text_editing_intents.dart,4,192,192,0,0,0,0,0,4,192,192,0
ExtendSelectionToNextWordBoundaryIntent,package:flutter/src/widgets/text_editing_intents.dart,2,96,96,0,0,0,0,0,2,96,96,0
ExpandSelectionToDocumentBoundaryIntent,package:flutter/src/widgets/text_editing_intents.dart,2,32,32,0,0,0,0,0,2,32,32,0
ExpandSelectionToLineBreakIntent,package:flutter/src/widgets/text_editing_intents.dart,2,32,32,0,0,0,0,0,2,32,32,0
ExtendSelectionToLineBreakIntent,package:flutter/src/widgets/text_editing_intents.dart,2,96,96,0,0,0,0,0,2,96,96,0
ExtendSelectionVerticallyToAdjacentLineIntent,package:flutter/src/widgets/text_editing_intents.dart,4,192,192,0,0,0,0,0,4,192,192,0
ExtendSelectionVerticallyToAdjacentPageIntent,package:flutter/src/widgets/text_editing_intents.dart,2,96,96,0,0,0,0,0,2,96,96,0
ExtendSelectionToDocumentBoundaryIntent,package:flutter/src/widgets/text_editing_intents.dart,2,96,96,0,0,0,0,0,2,96,96,0
ScrollToDocumentBoundaryIntent,package:flutter/src/widgets/text_editing_intents.dart,2,32,32,0,0,0,0,0,2,32,32,0
PasteTextIntent,package:flutter/src/widgets/text_editing_intents.dart,1,16,16,0,0,0,0,0,1,16,16,0
RedoTextIntent,package:flutter/src/widgets/text_editing_intents.dart,1,16,16,0,0,0,0,0,1,16,16,0
UndoTextIntent,package:flutter/src/widgets/text_editing_intents.dart,1,16,16,0,0,0,0,0,1,16,16,0
TransposeCharactersIntent,package:flutter/src/widgets/text_editing_intents.dart,1,16,16,0,0,0,0,0,1,16,16,0
ClipboardStatus,package:flutter/src/widgets/text_selection.dart,4,128,128,0,0,0,0,0,4,128,128,0
TickerMode,package:flutter/src/widgets/ticker_provider.dart,3,144,144,0,0,0,0,0,3,144,144,0
_TickerModeState,package:flutter/src/widgets/ticker_provider.dart,3,192,192,0,0,0,0,0,3,192,192,0
_EffectiveTickerMode,package:flutter/src/widgets/ticker_provider.dart,3,144,144,0,0,0,0,0,3,144,144,0
_WidgetTicker,package:flutter/src/widgets/ticker_provider.dart,8,640,640,0,0,0,0,0,8,640,640,0
Title,package:flutter/src/widgets/title.dart,1,48,48,0,0,0,0,0,1,48,48,0
_AnimatedState,package:flutter/src/widgets/transitions.dart,18,864,864,0,0,0,0,0,18,864,864,0
SlideTransition,package:flutter/src/widgets/transitions.dart,4,256,256,0,0,0,0,0,4,256,256,0
ScaleTransition,package:flutter/src/widgets/transitions.dart,2,128,128,0,0,0,0,0,2,128,128,0
RotationTransition,package:flutter/src/widgets/transitions.dart,2,128,128,0,0,0,0,0,2,128,128,0
DecoratedBoxTransition,package:flutter/src/widgets/transitions.dart,2,128,128,0,0,0,0,0,2,128,128,0
AnimatedBuilder,package:flutter/src/widgets/transitions.dart,9,432,432,0,0,0,0,0,9,432,432,0
_WidgetInspectorService,package:flutter/src/widgets/widget_inspector.dart,1,160,160,0,0,0,0,0,1,160,160,0
_ElementLocationStatsTracker,package:flutter/src/widgets/widget_inspector.dart,2,64,64,0,0,0,0,0,2,64,64,0
_WidgetForTypeTests,package:flutter/src/widgets/widget_inspector.dart,1,32,32,0,0,0,0,0,1,32,32,0
InspectorSelection,package:flutter/src/widgets/widget_inspector.dart,1,48,48,0,0,0,0,0,1,48,48,0
_Location,package:flutter/src/widgets/widget_inspector.dart,406,19488,19488,0,0,0,0,0,406,19488,19488,0
FileType,package:file_picker/src/file_picker.dart,7,224,224,0,0,0,0,0,7,224,224,0
FilePickerStatus,package:file_picker/src/file_picker.dart,3,96,96,0,0,0,0,0,3,96,96,0
FilePickerMacOS,package:file_picker/src/file_picker_macos.dart,1,16,16,0,0,0,0,0,1,16,16,0
DiTreDiController,package:ditredi/src/controller/ditredi_controller.dart,1,160,160,0,0,0,0,0,1,160,160,0
Axis3D,package:ditredi/src/model/axis.dart,4,128,128,0,0,0,0,0,4,128,128,0
DiTreDiConfig,package:ditredi/src/model/ditredi_config.dart,1,64,64,0,0,0,0,0,1,64,64,0
Line3D,package:ditredi/src/model/figure/line_3d.dart,320,15360,15360,0,0,0,0,0,320,15360,15360,0
Point3D,package:ditredi/src/model/figure/point_3d.dart,146086,4674752,4674752,0,0,0,0,0,146086,4674752,4674752,0
HeapPriorityQueue,package:collection/src/priority_queue.dart,9,432,432,0,0,0,0,0,9,432,432,0
